token,tag,tag_STTS,lemma_gold,lemma_pred
Der,DET,ART,der,Der
Hauptgang,NOUN,NN,Hauptgang,Hauptgang
war,AUX,VAFIN,sein,war
in,ADP,APPR,in,in
Ordnung,NOUN,NN,Ordnung,Ordnung
",",PUNCT,"$,",",",","
aber,CCONJ,KON,aber,aber
alles,ADV,PIAT,alle,alles
andere,PRON,PIS,ander,andere
als,ADP,KOKOM,als,als
umwerfend,ADJ,ADJD,umwerfend,umwerfend
.,PUNCT,$.,.,.
Ich,PRON,PPER,ich,Ich
habe,AUX,VAFIN,haben,habe
dort,ADV,ADV,dort,dort
2007,NUM,CARD,2007,2007
meinen,DET,PPOSAT,mein,meinen
OWD,PROPN,NN,OWD,OWD
gemacht,VERB,VVPP,machen,gemacht
und,CCONJ,KON,und,und
weil,SCONJ,KOUS,weil,weil
mir,PRON,PPER,ich,mir
das,DET,ART,der,das
Tauchen,NOUN,NN,Tauchen,Tauchen
so,ADV,ADV,so,so
gefiel,VERB,VVFIN,gefallen,gefiel
hab,AUX,VAFIN,haben,hab
ich,PRON,PPER,ich,ich
dort,ADV,ADV,dort,dort
noch,ADV,ADV,noch,noch
im,_,,_,im
in,ADP,APPR,in,in
dem,DET,ART,der,dem
selben,DET,PDAT,selb,selben
Jahr,NOUN,NN,Jahr,Jahr
den,DET,ART,der,den
AOWD,PROPN,NN,AOWD,AOWD
und,CCONJ,KON,und,und
den,DET,ART,der,den
Deep,PROPN,NN,Deep,Deep
drangehängt,VERB,VVFIN,dranhängen,drangehängt
.,PUNCT,$.,.,.
Ist,AUX,VAFIN,sein,Ist
ja,PART,ADV,ja,ja
wohl,ADV,ADV,wohl,wohl
ein,DET,ART,ein,ein
Witz,NOUN,NN,Witz,Witz
.,PUNCT,$.,.,.
(,PUNCT,$(,(,(
Bei,ADP,APPR,bei,Bei
den,DET,ART,der,den
Damen,NOUN,NN,Dame,Damen
und,CCONJ,KON,und,und
Herren,NOUN,NN,Herr,Herren
des,DET,ART,der,des
besagten,ADJ,ADJA,besagt,besagten
Mobilfunkanbieters,NOUN,NN,Mobilfunkanbieters,Mobilfunkanbieters
bin,AUX,VAFIN,sein,bin
ich,PRON,PPER,ich,ich
im,_,,_,im
in,ADP,APPR,in,in
dem,DET,ART,der,dem
Gegensatz,NOUN,NN,Gegensatz,Gegensatz
dazu,ADV,PAV,dazu,dazu
bisher,ADV,ADV,bisher,bisher
ausschließlich,ADV,ADV,ausschließlich,ausschließlich
auf,ADP,APPR,auf,auf
arrogante,ADJ,ADJA,arrogant,arrogante
Unkenntnis,NOUN,NN,Unkenntnis,Unkenntnis
gestossen,VERB,VVPP,stoßen,gestossen
),PUNCT,$(,),)
.,PUNCT,$.,.,.
10,NUM,CARD,10,10
Euro,NOUN,NN,Euro,Euro
günstiger,ADV,ADJD,günstig,günstiger
selbst,ADV,ADV,selbst,selbst
hätte,AUX,VAFIN,haben,hätte
kaufen,VERB,VVINF,kaufen,kaufen
können,AUX,VMINF,können,können
.,PUNCT,$.,.,.
Absolut,ADV,ADJD,absolut,Absolut
empfehlenswert,ADJ,ADJD,empfehlenswert,empfehlenswert
ist,AUX,VAFIN,sein,ist
auch,ADV,ADV,auch,auch
der,DET,ART,der,der
Service,NOUN,NN,Service,Service
.,PUNCT,$.,.,.
Alle,PRON,PIAT,alle,Alle
am,_,,_,am
an,ADP,APPR,an,an
dem,DET,ART,der,dem
Wort,NOUN,NN,Wort,Wort
Gottes,NOUN,NE,Gott,Gottes
interessierte,ADJ,ADJA,interessiert,interessierte
Personen,NOUN,NN,Person,Personen
sind,AUX,VAFIN,sein,sind
herzlich,ADV,ADJD,herzlich,herzlich
eingelanden,VERB,VVPP,eingelanden,eingelanden
",",PUNCT,"$,",",",","
Gottesdienst,NOUN,NN,Gottesdienst,Gottesdienst
mit,ADP,APPR,mit,mit
Liedern,NOUN,NN,Lied,Liedern
",",PUNCT,"$,",",",","
Gebeten,NOUN,NN,Gebet,Gebeten
und,CCONJ,KON,und,und
Predigten,NOUN,NN,Predigt,Predigten
mit,ADP,APPR,mit,mit
den,DET,ART,der,den
Mitgliedern,NOUN,NN,Mitglied,Mitgliedern
zu,PART,PTKZU,zu,zu
feiern,VERB,VVINF,feiern,feiern
.,PUNCT,$.,.,.
Alles,PRON,PIS,alle,Alles
in,ADP,APPR,in,in
Allem,NOUN,NE,Allem,Allem
ein,DET,ART,ein,ein
super,ADJ,ADJA,super,super
Erlebnis,NOUN,NN,Erlebnis,Erlebnis
.,PUNCT,$.,.,.
Als,SCONJ,KOUS,als,Als
ich,PRON,PPER,ich,ich
mit,ADP,APPR,mit,mit
meiner,DET,PPOSAT,mein,meiner
Frau,NOUN,NN,Frau,Frau
und,CCONJ,KON,und,und
meiner,DET,PPOSAT,mein,meiner
Tante,NOUN,NN,Tante,Tante
im,_,,_,im
in,ADP,APPR,in,in
dem,DET,ART,der,dem
Oktober,PROPN,NN,Oktober,Oktober
2007,NUM,CARD,2007,2007
in,ADP,APPR,in,in
Norden,NOUN,NN,Norden,Norden
nach,ADP,APPR,nach,nach
einer,DET,ART,ein,einer
Gaststätte,NOUN,NN,Gaststätte,Gaststätte
suchten,VERB,VVFIN,suchen,suchten
",",PUNCT,"$,",",",","
in,ADP,APPR,in,in
der,DET,PRELS,der,der
man,PRON,PIS,man,man
das,DET,ART,der,das
originelle,ADJ,ADJA,originell,originelle
Gericht,NOUN,NN,Gericht,Gericht
"""",PUNCT,$(,"""",""""
Labskaus,NOUN,NN,Labskaus,Labskaus
"""",PUNCT,$(,"""",""""
essen,VERB,VVINF,essen,essen
könnte,AUX,VMFIN,können,könnte
",",PUNCT,"$,",",",","
verlief,VERB,VVFIN,verlaufen,verlief
unsere,DET,PPOSAT,unser,unsere
Suche,NOUN,NN,Suche,Suche
zunächst,ADV,ADV,zunächst,zunächst
erfolglos,ADV,ADJD,erfolglos,erfolglos
.,PUNCT,$.,.,.
Als,SCONJ,KOUS,als,Als
wir,PRON,PPER,wir,wir
dann,ADV,ADV,dann,dann
Schritt,NOUN,NN,Schritt,Schritt
für,ADP,APPR,für,für
Schritt,NOUN,NN,Schritt,Schritt
durch,ADP,APPR,durch,durch
den,DET,ART,der,den
Versicherungsbogen,NOUN,NN,Versicherungsbogen,Versicherungsbogen
gingen,VERB,VVFIN,gehen,gingen
",",PUNCT,"$,",",",","
wurden,AUX,VAFIN,werden,wurden
die,DET,ART,der,die
Hälfte,NOUN,NN,Hälfte,Hälfte
der,DET,ART,der,der
von,ADP,APPR,von,von
mir,PRON,PPER,ich,mir
gemachten,ADJ,ADJA,gemacht,gemachten
Angaben,NOUN,NN,Angabe,Angaben
nur,ADV,ADV,nur,nur
fehlerhaft,ADV,ADJD,fehlerhaft,fehlerhaft
oder,CCONJ,KON,oder,oder
gar,ADV,ADV,gar,gar
nicht,PART,PTKNEG,nicht,nicht
übernommen,VERB,VVPP,übernehmen,übernommen
.,PUNCT,$.,.,.
Also,ADV,ADV,also,Also
für,ADP,APPR,für,für
eine,DET,ART,ein,eine
Nacht,NOUN,NN,Nacht,Nacht
reicht,VERB,VVFIN,reichen,reicht
es,PRON,PPER,es,es
",",PUNCT,"$,",",",","
aber,CCONJ,KON,aber,aber
nicht,PART,PTKNEG,nicht,nicht
noch,ADV,ADV,noch,noch
einmal,ADV,ADV,einmal,einmal
.,PUNCT,$.,.,.
Also,ADV,ADV,also,Also
wenn,SCONJ,KOUS,wenn,wenn
die,DET,ART,der,die
Bedienung,NOUN,NN,Bedienung,Bedienung
mitte,NOUN,ADV,mitte,mitte
40,NUM,CARD,40,40
und,CCONJ,KON,und,und
blond,ADJ,ADJD,blond,blond
war,AUX,VAFIN,sein,war
",",PUNCT,"$,",",",","
war,AUX,VAFIN,sein,war
es,PRON,PPER,es,es
keine,PRON,PIAT,kein,keine
Angestellte,NOUN,NN,Angestellte,Angestellte
",",PUNCT,"$,",",",","
sondern,CCONJ,KON,sondern,sondern
die,DET,ART,der,die
"""",PUNCT,$(,"""",""""
Chefin,NOUN,NN,Chefin,Chefin
"""",PUNCT,$(,"""",""""
selbst,ADV,ADV,selbst,selbst
.,PUNCT,$.,.,.
Also,ADV,ADV,also,Also
wurde,AUX,VAFIN,werden,wurde
von,ADP,APPR,von,von
der,DET,ART,der,der
Vodafone,PROPN,NN,Vodafone,Vodafone
-,PUNCT,$(,-,-
Seite,NOUN,NN,Seite,Seite
das,DET,ART,der,das
Update,NOUN,NN,Update,Update
für,ADP,APPR,für,für
den,DET,ART,der,den
Schneeleoparden,NOUN,NN,Schneeleopard,Schneeleoparden
auf,ADP,APPR,auf,auf
eine,DET,ART,ein,eine
CD,NOUN,NN,CD,CD
gebrannt,VERB,VVPP,brennen,gebrannt
und,CCONJ,KON,und,und
mir,PRON,PPER,ich,mir
in,ADP,APPR,in,in
die,DET,ART,der,die
Hand,NOUN,NN,Hand,Hand
gedrückt,VERB,VVPP,drücken,gedrückt
--,PUNCT,$(,--,--
gratis,ADV,ADJD,gratis,gratis
.,PUNCT,$.,.,.
An,ADP,APPR,an,An
den,DET,ART,der,den
anderen,ADJ,ADJA,ander,anderen
Tischen,NOUN,NN,Tisch,Tischen
sah,VERB,VVFIN,sehen,sah
es,PRON,PPER,es,es
nicht,PART,PTKNEG,nicht,nicht
besser,ADJ,ADJD,gut,besser
aus,ADP,PTKVZ,aus,aus
.,PUNCT,$.,.,.
Anders,ADV,ADV,anders,Anders
kann,AUX,VMFIN,können,kann
ich,PRON,PPER,ich,ich
es,PRON,PPER,es,es
nicht,PART,PTKNEG,nicht,nicht
ausdrücken,VERB,VVINF,ausdrücken,ausdrücken
.,PUNCT,$.,.,.
Ansonsten,ADV,ADV,ansonsten,Ansonsten
gemütliche,ADJ,ADJA,gemütlich,gemütliche
Bar,NOUN,NN,Bar,Bar
mit,ADP,APPR,mit,mit
innenstadtüblichen,ADJ,ADJA,innenstadtüblichen,innenstadtüblichen
Preisen,NOUN,NN,Preis|Preisen,Preisen
und,CCONJ,KON,und,und
spätabendlicher,ADJ,ADJA,spätabendlicher,spätabendlicher
Küche,NOUN,NN,Küche,Küche
.,PUNCT,$.,.,.
Ansonsten,ADV,ADV,ansonsten,Ansonsten
gibt,VERB,VVFIN,geben,gibt
es,PRON,PPER,es,es
eine,DET,ART,ein,eine
Auswahl,NOUN,NN,Auswahl,Auswahl
an,ADP,APPR,an,an
verschiedenen,ADJ,ADJA,verschieden,verschiedenen
Kraft,NOUN,TRUNC,Kraft,Kraft
-,PUNCT,$(,-,-
und,CCONJ,KON,und,und
Cardiogeräten,NOUN,NN,Cardiogeräten,Cardiogeräten
.,PUNCT,$.,.,.
Ansonsten,ADV,ADV,ansonsten,Ansonsten
war,AUX,VAFIN,sein,war
alles,PRON,PIS,alle,alles
bestens,ADJ,ADV,bestens,bestens
.,PUNCT,$.,.,.
Auch,ADV,ADV,auch,Auch
alle,PRON,PIAT,alle,alle
anderen,ADJ,ADJA,ander,anderen
Speisen,NOUN,NN,Speise|Speisen,Speisen
und,CCONJ,KON,und,und
der,DET,ART,der,der
Kuchen,NOUN,NN,Kuchen,Kuchen
aus,ADP,APPR,aus,aus
eigener,ADJ,ADJA,eigen,eigener
Herstellung,NOUN,NN,Herstellung,Herstellung
.,PUNCT,$.,.,.
Auch,ADV,ADV,auch,Auch
das,DET,ART,der,das
passende,ADJ,ADJA,passend,passende
Preis,NOUN,NN,Preis,Preis
-,PUNCT,$(,-,-
Leistungsverhältnis,NOUN,NN,Leistungsverhältnis,Leistungsverhältnis
.,PUNCT,$.,.,.
Auch,ADV,ADV,auch,Auch
das,DET,ART,der,das
Servieren,NOUN,NN,Servieren,Servieren
der,DET,ART,der,der
Speisen,NOUN,NN,Speise|Speisen,Speisen
ging,VERB,VVFIN,gehen,ging
auffallend,ADV,ADJD,auffallend,auffallend
schnell,ADJ,ADJD,schnell,schnell
",",PUNCT,"$,",",",","
also,ADV,ADV,also,also
ich,PRON,PPER,ich,ich
könnte,AUX,VMFIN,können,könnte
nicht,PART,PTKNEG,nicht,nicht
so,ADV,ADV,so,so
schnell,ADV,ADJD,schnell,schnell
kochen,VERB,VVINF,kochen,kochen
.,PUNCT,$.,.,.
Auch,ADV,ADV,auch,Auch
eine,DET,ART,ein,eine
anschließende,ADJ,ADJA,anschließend,anschließende
Reklamation,NOUN,NN,Reklamation,Reklamation
mit,ADP,APPR,mit,mit
einer,DET,ART,ein,einer
Überprüfung,NOUN,NN,Überprüfung,Überprüfung
der,DET,ART,der,der
Gläser,NOUN,NN,Glas,Gläser
brachte,VERB,VVFIN,bringen,brachte
keine,PRON,PIAT,kein,keine
Verbesserung,NOUN,NN,Verbesserung,Verbesserung
.,PUNCT,$.,.,.
Auch,ADV,ADV,auch,Auch
für,ADP,APPR,für,für
Probetermine,NOUN,NN,Probetermin,Probetermine
nimmt,VERB,VVFIN,nehmen,nimmt
sie,PRON,PPER,sie,sie
sich,PRON,PRF,er|es|sie,sich
sehr,ADV,ADV,sehr,sehr
viel,DET,PIAT,viel,viel
Zeit,NOUN,NN,Zeit,Zeit
und,CCONJ,KON,und,und
zeichnet,VERB,VVFIN,zeichnen,zeichnet
alles,PRON,PIS,alle,alles
genaustens,ADV,ADV,genaustens,genaustens
vor,ADP,PTKVZ,vor,vor
",",PUNCT,"$,",",",","
so,ADV,KOUS,so,so
dass,SCONJ,KOUS,dass,dass
man,PRON,PIS,man,man
sich,PRON,PRF,er|es|sie,sich
vorstellen,VERB,VVINF,vorstellen,vorstellen
kann,AUX,VMFIN,können,kann
",",PUNCT,"$,",",",","
wie,SCONJ,KOUS,wie,wie
das,DET,ART,der,das
Ergebnis,NOUN,NN,Ergebnis,Ergebnis
ist,VERB,VAFIN,sein,ist
.,PUNCT,$.,.,.
Auch,ADV,ADV,auch,Auch
hier,ADV,ADV,hier,hier
sind,AUX,VAFIN,sein,sind
die,DET,ART,der,die
Leistungen,NOUN,NN,Leistung,Leistungen
top,ADJ,ADJD,top,top
",",PUNCT,"$,",",",","
hoffe,VERB,VVFIN,hoffen,hoffe
die,DET,ART,der,die
Regulierung,NOUN,NN,Regulierung,Regulierung
auch,ADV,ADV,auch,auch
.,PUNCT,$.,.,.
Auch,ADV,ADV,auch,Auch
wenn,SCONJ,KOUS,wenn,wenn
ich,PRON,PPER,ich,ich
nicht,PART,PTKNEG,nicht,nicht
viel,ADV,PIS,viel,viel
von,ADP,APPR,von,von
Besuchen,NOUN,NN,Besuch|Besuchen,Besuchen
beim,_,,_,beim
bei,ADP,APPR,bei,bei
dem,DET,ART,der,dem
Zahnarzt,NOUN,NN,Zahnarzt,Zahnarzt
halte,VERB,VVFIN,halten,halte
",",PUNCT,"$,",",",","
wer,PRON,PWS,wer,wer
tut,VERB,VVFIN,tun,tut
das,PRON,PDS,der,das
schon,ADV,ADV,schon,schon
gerne,ADV,ADV,gerne,gerne
",",PUNCT,"$,",",",","
kann,AUX,VMFIN,können,kann
ich,PRON,PPER,ich,ich
nur,ADV,ADV,nur,nur
sagen,VERB,VVINF,sagen,sagen
",",PUNCT,"$,",",",","
die,DET,ART,der,die
Frau,NOUN,NN,Frau,Frau
versteht,VERB,VVFIN,verstehen,versteht
ihren,DET,PPOSAT,ihr,ihren
Beruf,NOUN,NN,Beruf,Beruf
.,PUNCT,$.,.,.
Auch,ADV,ADV,auch,Auch
wenn,SCONJ,KOUS,wenn,wenn
man,PRON,PIS,man,man
einen,DET,ART,ein,einen
Termin,NOUN,NN,Termin,Termin
hat,VERB,VAFIN,haben,hat
",",PUNCT,"$,",",",","
kann,AUX,VMFIN,können,kann
/,PUNCT,$(,/,/
muß,AUX,VMFIN,müssen,muß
man,PRON,PIS,man,man
mal,ADV,ADV,mal,mal
warten,VERB,VVINF,warten,warten
",",PUNCT,"$,",",",","
wie,SCONJ,KOKOM,wie,wie
bei,ADP,APPR,bei,bei
Arzt,NOUN,NN,Arzt,Arzt
oder,CCONJ,KON,oder,oder
Frieseur,NOUN,NN,Frieseur,Frieseur
das,PRON,PDS,der,das
ist,VERB,VAFIN,sein,ist
nun,ADV,ADV,nun,nun
mal,ADV,ADV,mal,mal
so,ADV,ADV,so,so
.,PUNCT,$.,.,.
Auf,ADP,APPR,auf,Auf
Fax,NOUN,NN,Fax,Fax
und,CCONJ,KON,und,und
Telefonanrufe,NOUN,NN,Telefonanruf,Telefonanrufe
wird,AUX,VAFIN,werden,wird
nicht,PART,PTKNEG,nicht,nicht
reagiert,VERB,VVPP,reagieren,reagiert
.,PUNCT,$.,.,.
Auf,ADP,APPR,auf,Auf
unserer,DET,PPOSAT,unser,unserer
Elberadweg,PROPN,NN,Elberadweg,Elberadweg
-,PUNCT,$(,-,-
Tour,NOUN,NN,Tour,Tour
haben,AUX,VAFIN,haben,haben
wir,PRON,PPER,wir,wir
im,_,,_,im
in,ADP,APPR,in,in
dem,DET,ART,der,dem
"""",PUNCT,$(,"""",""""
Kranhaus,NOUN,NN,Kranhaus,Kranhaus
"""",PUNCT,$(,"""",""""
einen,DET,ART,ein,einen
Abend,NOUN,NN,Abend,Abend
verweilen,VERB,VVINF,verweilen,verweilen
können,AUX,VMINF,können,können
und,CCONJ,KON,und,und
haben,AUX,VAFIN,haben,haben
es,PRON,PPER,es,es
sehr,ADV,ADV,sehr,sehr
genossen,VERB,VVPP,genießen,genossen
.,PUNCT,$.,.,.
Aussage,NOUN,NN,Aussage,Aussage
des,DET,ART,der,des
Verkäufers,NOUN,NN,Verkäufer,Verkäufers
in,ADP,APPR,in,in
15,NUM,CARD,15,15
minuten,NOUN,ADJA,Minute,minuten
freigeschalten,VERB,VVPP,freigeschalten,freigeschalten
sein,AUX,VAINF,sein,sein
.,PUNCT,$.,.,.
Außenplätze,NOUN,ADJA,Außenplatz,Außenplätze
",",PUNCT,"$,",",",","
separates,ADJ,ADJA,separat,separates
Kinderspielzimmer,NOUN,NN,Kinderspielzimmer,Kinderspielzimmer
und,CCONJ,KON,und,und
ein,DET,ART,ein,ein
gemütlicher,ADJ,ADJA,gemütlich,gemütlicher
Gastraum,NOUN,NN,Gastraum,Gastraum
.,PUNCT,$.,.,.
Außerdem,ADV,PAV,außerdem,Außerdem
gehört,VERB,VVFIN,gehören,gehört
Herr,NOUN,NN,Herr,Herr
Lansky,PROPN,NE,Lansky,Lansky
zu,ADP,APPR,zu,zu
den,DET,ART,der,den
Anwälten,NOUN,NN,Anwalt,Anwälten
",",PUNCT,"$,",",",","
die,PRON,PRELS,der,die
gerade,ADV,ADV,gerade,gerade
herraus,ADV,ADV,herraus,herraus
sagen,VERB,VVFIN,sagen,sagen
",",PUNCT,"$,",",",","
wie,SCONJ,KOUS,wie,wie
die,DET,ART,der,die
Chancen,NOUN,NN,Chance,Chancen
stehen,VERB,VVFIN,stehen,stehen
",",PUNCT,"$,",",",","
den,DET,ART,der,den
Fall,NOUN,NN,Fall,Fall
zu,PART,PTKZU,zu,zu
gewinnen,VERB,VVINF,gewinnen,gewinnen
oder,CCONJ,KON,oder,oder
nicht,PART,PTKNEG,nicht,nicht
.,PUNCT,$.,.,.
Bei,ADP,APPR,bei,Bei
Kontaktanfragen,NOUN,NN,Kontaktanfragen,Kontaktanfragen
wird,AUX,VAFIN,werden,wird
man,PRON,PIS,man,man
bei,ADP,APPR,bei,bei
Problemen,NOUN,NN,Problem,Problemen
wochenlang,ADJ,ADJD,wochenlang,wochenlang
ignoriert,VERB,VVPP,ignorieren,ignoriert
!,PUNCT,$.,!,!
!,PUNCT,$.,!,!
!,PUNCT,$.,!,!
Bei,ADP,APPR,bei,Bei
Rechtsanwalt,NOUN,NN,Rechtsanwalt,Rechtsanwalt
Lansky,PROPN,NE,Lansky,Lansky
sind,AUX,VAFIN,sein,sind
wir,PRON,PPER,wir,wir
seit,ADP,APPR,seit,seit
2002,NUM,CARD,2002,2002
Mandanten,NOUN,NN,Mandant,Mandanten
.,PUNCT,$.,.,.
Bei,ADP,APPR,bei,Bei
unserem,DET,PPOSAT,unser,unserem
nächsten,ADJ,ADJA,nah,nächsten
Aufenthalt,NOUN,NN,Aufenthalt,Aufenthalt
auf,ADP,APPR,auf,auf
Sylt,PROPN,NE,Sylt,Sylt
werden,AUX,VAFIN,werden,werden
wir,PRON,PPER,wir,wir
ganz,ADV,ADV,ganz,ganz
bestimmt,ADV,ADV,bestimmt,bestimmt
wieder,ADV,ADV,wieder,wieder
hier,ADV,ADV,hier,hier
essen,VERB,VVINF,essen,essen
gehen,VERB,VVINF,gehen,gehen
!,PUNCT,$.,!,!
Beim,_,,_,Beim
Bei,ADP,APPR,bei,Bei
dem,DET,ART,der,dem
Kickboxen,NOUN,NN,Kickboxen,Kickboxen
kommen,VERB,VVFIN,kommen,kommen
dann,ADV,ADV,dann,dann
selbstverständlich,ADV,ADJD,selbstverständlich,selbstverständlich
noch,ADV,ADV,noch,noch
verschiedenste,ADJ,ADJA,verschieden,verschiedenste
Tritt,NOUN,NN,Tritt,Tritt
-,PUNCT,$(,-,-
Techniken,NOUN,NN,Technik,Techniken
dazu,ADV,PTKVZ,dazu,dazu
.,PUNCT,$.,.,.
Bester,ADJ,ADJA,gut,Bester
Kaffee,NOUN,NN,Kaffee,Kaffee
im,_,,_,im
in,ADP,APPR,in,in
dem,DET,ART,der,dem
Veedel,PROPN,NN,Veedel,Veedel
sowieso,ADV,ADV,sowieso,sowieso
.,PUNCT,$.,.,.
biene,NOUN,VVFIN,biene,biene
maja,NOUN,ADV,Maja,maja
tanzt,VERB,VVFIN,tanzen,tanzt
.,PUNCT,$.,.,.
Bilder,NOUN,NN,Bild,Bilder
werden,AUX,VAFIN,werden,werden
dort,ADV,ADV,dort,dort
gespeichert,VERB,VVPP,speichern,gespeichert
",",PUNCT,"$,",",",","
so,ADV,KOUS,so,so
dass,SCONJ,KOUS,dass,dass
man,PRON,PIS,man,man
auch,ADV,ADV,auch,auch
später,ADV,ADJD,spät,später
noch,ADV,ADV,noch,noch
Abzüge,NOUN,NN,Abzug,Abzüge
bestellen,VERB,VVINF,bestellen,bestellen
kann,AUX,VMFIN,können,kann
.,PUNCT,$.,.,.
Bin,VERB,VAFIN,sein,Bin
4:20,NUM,CARD,4:20,4:20
Minuten,NOUN,NN,Minute,Minuten
vor,ADP,APPR,vor,vor
dem,DET,ART,der,dem
Termin,NOUN,NN,Termin,Termin
.,PUNCT,$.,.,.
Bin,VERB,VAFIN,sein,Bin
immer,ADV,ADV,immer,immer
wieder,ADV,ADV,wieder,wieder
gern,ADV,ADV,gern,gern
zu,ADP,APPR,zu,zu
Gast,NOUN,NN,Gast,Gast
.,PUNCT,$.,.,.
Bin,AUX,VAFIN,sein,Bin
sehr,ADV,ADV,sehr,sehr
zufrieden,ADJ,ADJD,zufrieden,zufrieden
mit,ADP,APPR,mit,mit
dem,DET,ART,der,dem
Ergebnis,NOUN,NN,Ergebnis,Ergebnis
.,PUNCT,$.,.,.
Bin,AUX,VAFIN,sein,Bin
via,ADP,APPR,via,via
Zeitungsannonce,NOUN,NN,Zeitungsannonce,Zeitungsannonce
im,_,,_,im
in,ADP,APPR,in,in
dem,DET,ART,der,dem
Stadtanzeiger,PROPN,NN,Stadtanzeiger,Stadtanzeiger
und,CCONJ,KON,und,und
Guller,PROPN,NN,Guller,Guller
auf,ADP,APPR,auf,auf
Lasting,PROPN,NN,Lasting,Lasting
Beauty,PROPN,NE,Beauty,Beauty
aufmerksam,ADJ,ADJD,aufmerksam,aufmerksam
geworden,VERB,VAPP,werden,geworden
.,PUNCT,$.,.,.
Bis,SCONJ,KOUS,bis,Bis
ich,PRON,PPER,ich,ich
bei,ADP,APPR,bei,bei
Uwe,PROPN,NE,Uwe,Uwe
war,VERB,VAFIN,sein,war
",",PUNCT,"$,",",",","
seit,ADP,APPR,seit,seit
dem,DET,PDS,der,dem
gehe,VERB,VVFIN,gehen,gehe
ich,PRON,PPER,ich,ich
nur,ADV,ADV,nur,nur
noch,ADV,ADV,noch,noch
zu,ADP,APPR,zu,zu
ihm,PRON,PPER,er,ihm
.,PUNCT,$.,.,.
Bis,ADP,APPR,bis,Bis
um,ADP,APPR,um,um
vier,NUM,CARD,vier,vier
auf,ADJ,PTKVZ,auf,auf
?,PUNCT,$.,?,?
Blaue,ADJ,ADJA,blau,Blaue
T,NOUN,NN,T,T
-,PUNCT,$(,-,-
Shirt,NOUN,NN,Shirt,Shirt
-,PUNCT,$(,-,-
Träger,NOUN,NN,Träger,Träger
langweilen,VERB,VVFIN,langweilen,langweilen
sich,PRON,PRF,er|es|sie,sich
rund,ADV,ADV,rund,rund
um,ADP,APPR,um,um
die,DET,ART,der,die
Genius,PROPN,NN,Genius,Genius
-,PUNCT,$(,-,-
Bar,PROPN,NN,Bar,Bar
.,PUNCT,$.,.,.
Da,SCONJ,KOUS,da,Da
er,PRON,PPER,er,er
ein,DET,ART,ein,ein
ruhiger,ADJ,ADJA,ruhig,ruhiger
Arzt,NOUN,NN,Arzt,Arzt
ist,AUX,VAFIN,sein,ist
und,CCONJ,KON,und,und
alles,PRON,PIS,alle,alles
erklärt,VERB,VVFIN,erklären,erklärt
.,PUNCT,$.,.,.
Da,ADV,ADV,da,Da
kann,AUX,VMFIN,können,kann
eine,DET,ART,ein,eine
Bestellung,NOUN,NN,Bestellung,Bestellung
schon,ADV,ADV,schon,schon
mal,ADV,ADV,mal,mal
untergehen,VERB,VVINF,untergehen,untergehen
.,PUNCT,$.,.,.
Da,ADV,ADV,da,Da
kann,AUX,VMFIN,können,kann
man,PRON,PIS,man,man
sich,PRON,PRF,er|es|sie,sich
sicher,ADV,ADV,sicher,sicher
vorstellen,VERB,VVINF,vorstellen,vorstellen
",",PUNCT,"$,",",",","
wie,SCONJ,KOUS,wie,wie
das,DET,ART,der,das
Personal,NOUN,NN,Personal,Personal
mit,ADP,APPR,mit,mit
der,DET,ART,der,der
Brille,NOUN,NN,Brille,Brille
umgegangen,VERB,VVPP,umgehen,umgegangen
ist,AUX,VAFIN,sein,ist
.,PUNCT,$.,.,.
Da,SCONJ,KOUS,da,Da
wir,PRON,PPER,wir,wir
im,_,,_,im
in,ADP,APPR,in,in
dem,DET,ART,der,dem
Winter,NOUN,NN,Winter,Winter
dort,ADV,ADV,dort,dort
waren,VERB,VAFIN,sein,waren
",",PUNCT,"$,",",",","
konnten,AUX,VMFIN,können,konnten
wir,PRON,PPER,wir,wir
leider,ADV,ADV,leider,leider
nicht,PART,PTKNEG,nicht,nicht
die,DET,ART,der,die
Terrasse,NOUN,NN,Terrasse,Terrasse
direkt,ADV,ADJD,direkt,direkt
am,_,,_,am
an,ADP,APPR,an,an
dem,DET,ART,der,dem
Wasser,NOUN,NN,Wasser,Wasser
nutzen,VERB,VVINF,nutzen,nutzen
.,PUNCT,$.,.,.
Dabei,ADV,PAV,dabei,Dabei
signalisierte,VERB,VVFIN,signalisieren,signalisierte
mir,PRON,PPER,ich,mir
das,DET,ART,der,das
Fahrzeug,NOUN,NN,Fahrzeug,Fahrzeug
",",PUNCT,"$,",",",","
dass,SCONJ,KOUS,dass,dass
sich,PRON,PRF,er|es|sie,sich
kein,PRON,PIAT,kein,kein
Wasser,NOUN,NN,Wasser,Wasser
mehr,ADV,ADV,mehr,mehr
im,_,,_,im
in,ADP,APPR,in,in
dem,DET,ART,der,dem
Kühlkreislauf,NOUN,NN,Kühlkreislauf,Kühlkreislauf
befinden,VERB,VVINF,befinden,befinden
würde,AUX,VAFIN,werden,würde
.,PUNCT,$.,.,.
Danach,ADV,PAV,danach,Danach
haben,AUX,VAFIN,haben,haben
wir,PRON,PPER,wir,wir
uns,PRON,PRF,wir,uns
von,ADP,APPR,von,von
der,DET,ART,der,der
netten,ADJ,ADJA,nett,netten
Bedienung,NOUN,NN,Bedienung,Bedienung
das,DET,ART,der,das
Angebot,NOUN,NN,Angebot,Angebot
der,DET,ART,der,der
Tages,NOUN,NN,Tag,Tages
empfehlen,VERB,VVINF,empfehlen,empfehlen
lassen,VERB,VVINF,lassen,lassen
und,CCONJ,KON,und,und
zwar,ADV,ADV,zwar,zwar
Atun,NOUN,NE,Atun,Atun
a,ADP,FM,a,a
la,X,FM,la,la
malaguena,NOUN,FM,malaguena,malaguena
(,PUNCT,$(,(,(
habe,AUX,VAFIN,haben,habe
ich,PRON,PPER,ich,ich
mir,PRON,PRF,ich,mir
extra,ADV,ADV,extra,extra
aufgeschrieben,VERB,VVPP,aufschreiben,aufgeschrieben
),PUNCT,$(,),)
.,PUNCT,$.,.,.
Dank,ADP,APPR,dank,Dank
ihm,PRON,PPER,er,ihm
sind,AUX,VAFIN,sein,sind
unsere,DET,PPOSAT,unser,unsere
Rechtsstreitigkeiten,NOUN,NN,Rechtsstreitigkeit,Rechtsstreitigkeiten
positiv,ADV,ADJD,positiv,positiv
verlaufen,VERB,VVPP,verlaufen,verlaufen
.,PUNCT,$.,.,.
Daraufhin,ADV,PAV,daraufhin,Daraufhin
hat,AUX,VAFIN,haben,hat
er,PRON,PPER,er,er
zu,ADP,APPR,zu,zu
anderen,ADJ,ADJA,ander,anderen
Gästen,NOUN,NN,Gast,Gästen
sich,PRON,PRF,er|es|sie,sich
beklagt,VERB,VVFIN,beklagen,beklagt
das,SCONJ,KOUS,dass,das
wir,PRON,PPER,wir,wir
kein,PRON,PIAT,kein,kein
verständnis,NOUN,NN,Verständnis,verständnis
haben,VERB,VAFIN,haben,haben
und,CCONJ,KON,und,und
uns,PRON,PPER,wir,uns
zur,_,,_,zur
zu,ADP,APPR,zu,zu
der,DET,ART,der,der
Zahlung,NOUN,NN,Zahlung,Zahlung
warten,VERB,VVINF,warten,warten
lassen,VERB,VVFIN,lassen,lassen
.,PUNCT,$.,.,.
Darüberhinaus,ADV,PAV,darüberhinaus,Darüberhinaus
ist,AUX,VAFIN,sein,ist
das,DET,ART,der,das
Personal,NOUN,NN,Personal,Personal
sehr,ADV,ADV,sehr,sehr
freundlich,ADJ,ADJD,freundlich,freundlich
und,CCONJ,KON,und,und
zuvorkommend,ADJ,ADJD,zuvorkommend,zuvorkommend
und,CCONJ,KON,und,und
jeder,PRON,PIAT,jed,jeder
Gast,NOUN,NN,Gast,Gast
wird,AUX,VAFIN,werden,wird
persönlich,ADV,ADJD,persönlich,persönlich
vom,_,,_,vom
von,ADP,APPR,von,von
dem,DET,ART,der,dem
Chef,NOUN,NN,Chef,Chef
begrüßt,VERB,VVPP,begrüßen,begrüßt
.,PUNCT,$.,.,.
Das,DET,ART,der,Das
Ambiente,NOUN,NN,Ambiente,Ambiente
innen,ADV,ADV,innen,innen
ist,AUX,VAFIN,sein,ist
rustikal,ADJ,ADJD,rustikal,rustikal
.,PUNCT,$.,.,.
Das,DET,ART,der,Das
Buffet,NOUN,NN,Buffet,Buffet
ist,AUX,VAFIN,sein,ist
eigentlich,ADV,ADV,eigentlich,eigentlich
kein,PRON,PIAT,kein,kein
Hotelstandard,NOUN,NN,Hotelstandard,Hotelstandard
.,PUNCT,$.,.,.
Das,DET,ART,der,Das
einzige,NOUN,ADJA,einzig,einzige
was,PRON,PIS,was,was
nervt,VERB,ADJD,nerven,nervt
ist,AUX,VAFIN,sein,ist
",",PUNCT,"$,",",",","
dass,SCONJ,KOUS,dass,dass
man,PRON,PIS,man,man
sich,PRON,PRF,er|es|sie,sich
sein,DET,PPOSAT,sein,sein
Handtuch,NOUN,NN,Handtuch,Handtuch
selbst,ADV,ADV,selbst,selbst
mitbringen,VERB,VVINF,mitbringen,mitbringen
muss,AUX,VMFIN,müssen,muss
.,PUNCT,$.,.,.
Das,DET,ART,der,Das
Essen,NOUN,NN,Essen,Essen
ist,AUX,VAFIN,sein,ist
hervorragend,ADJ,ADJD,hervorragend,hervorragend
bei,ADP,APPR,bei,bei
guten,ADJ,ADJA,gut,guten
Preis,NOUN,NN,Preis,Preis
-,PUNCT,$(,-,-
Leistungs,NOUN,NN,Leistungs,Leistungs
-,PUNCT,$(,-,-
Verhältnis,NOUN,NN,Verhältnis,Verhältnis
.,PUNCT,$.,.,.
Das,DET,ART,der,Das
Essen,NOUN,NN,Essen,Essen
war,AUX,VAFIN,sein,war
sehr,ADV,ADV,sehr,sehr
lecker,ADJ,ADJD,lecker,lecker
",",PUNCT,"$,",",",","
für,ADP,APPR,für,für
Sylter,NOUN,NN,Sylter,Sylter
--,PUNCT,$(,--,--
Verhältnisse,NOUN,NN,Verhältnis,Verhältnisse
günstig,ADV,ADJD,günstig,günstig
und,CCONJ,KON,und,und
das,DET,ART,der,das
Personal,NOUN,NN,Personal,Personal
sehr,ADV,ADV,sehr,sehr
nett,ADJ,ADJD,nett,nett
.,PUNCT,$.,.,.
Das,PRON,PDS,der,Das
gilt,VERB,VVFIN,gelten,gilt
vielleicht,ADV,ADV,vielleicht,vielleicht
für,ADP,APPR,für,für
's,DET,ART,der,'s
Zwiebelmarkt,NOUN,NN,Zwiebelmarkt,Zwiebelmarkt
-,PUNCT,$(,-,-
Wochenende,NOUN,NN,Wochenende,Wochenende
aber,CCONJ,ADV,aber,aber
den,DET,ART,der,den
Rest,NOUN,NN,Rest,Rest
des,DET,ART,der,des
Jahres,NOUN,NN,Jahr,Jahres
?,PUNCT,$.,?,?
Das,PRON,PDS,der,Das
ist,AUX,VAFIN,sein,ist
immer,ADV,ADV,immer,immer
eine,DET,ART,ein,eine
schöne,ADJ,ADJA,schön,schöne
Einleitung,NOUN,NN,Einleitung,Einleitung
ins,_,,_,ins
in,ADP,APPR,in,in
das,DET,ART,der,das
Wochenende,NOUN,NN,Wochenende,Wochenende
",",PUNCT,"$,",",",","
besonders,ADV,ADV,besonders,besonders
wenn,SCONJ,KOUS,wenn,wenn
Freunde,NOUN,NN,Freund,Freunde
vorbei,ADV,ADV,vorbei,vorbei
kommen,VERB,VVFIN,kommen,kommen
und,CCONJ,KON,und,und
mithelfen,VERB,VVFIN,mithelfen,mithelfen
.,PUNCT,$.,.,.
Das,PRON,PDS,der,Das
ist,AUX,VAFIN,sein,ist
leider,ADV,ADV,leider,leider
keine,PRON,PIAT,kein,keine
Kundenorientierung,NOUN,NN,Kundenorientierung,Kundenorientierung
und,CCONJ,KON,und,und
deshalb,ADV,PAV,deshalb,deshalb
gibt,VERB,VVFIN,geben,gibt
es,PRON,PPER,es,es
einen,DET,ART,ein,einen
Kaktus,NOUN,NN,Kaktus,Kaktus
für,ADP,APPR,für,für
die,DET,ART,der,die
Angestellten,NOUN,NN,Angestellte,Angestellten
des,DET,ART,der,des
Restaurants,NOUN,NN,Restaurant,Restaurants
.,PUNCT,$.,.,.
Das,PRON,PDS,der,Das
ist,AUX,VAFIN,sein,ist
seit,ADP,APPR,seit,seit
nunmehr,ADV,ADV,nunmehr,nunmehr
20,NUM,CARD,20,20
Stunden,NOUN,NN,Stunde|Stunden,Stunden
noch,ADV,ADV,noch,noch
nicht,PART,PTKNEG,nicht,nicht
passiert,VERB,VVPP,passieren,passiert
.,PUNCT,$.,.,.
Das,DET,ART,der,Das
letzte,ADJ,ADJA,letzt,letzte
Mal,NOUN,NN,Mal,Mal
war,VERB,VAFIN,sein,war
ich,PRON,PPER,ich,ich
vor,ADP,APPR,vor,vor
ein,DET,ART,ein,ein
paar,PRON,PIAT,paar,paar
Wochen,NOUN,NN,Woche,Wochen
dort,ADV,ADV,dort,dort
und,CCONJ,KON,und,und
muss,AUX,VMFIN,müssen,muss
sagen,VERB,VVINF,sagen,sagen
",",PUNCT,"$,",",",","
dass,SCONJ,KOUS,dass,dass
es,PRON,PPER,es,es
mir,PRON,PPER,ich,mir
sehr,ADV,ADV,sehr,sehr
gut,ADV,ADJD,gut,gut
gefallen,VERB,VVPP,fallen|gefallen,gefallen
hat,AUX,VAFIN,haben,hat
.,PUNCT,$.,.,.
Das,DET,ART,der,Das
Lokal,NOUN,NN,Lokal,Lokal
ist,AUX,VAFIN,sein,ist
sauber,ADJ,ADJD,sauber,sauber
",",PUNCT,"$,",",",","
hat,VERB,VAFIN,haben,hat
einen,DET,ART,ein,einen
gemütlichen,ADJ,ADJA,gemütlich,gemütlichen
"""",PUNCT,$(,"""",""""
Raucherraum,NOUN,NN,Raucherraum,Raucherraum
"""",PUNCT,$(,"""",""""
und,CCONJ,KON,und,und
wird,AUX,VAFIN,werden,wird
gut,ADV,ADJD,gut,gut
besucht,VERB,VVPP,besuchen,besucht
.,PUNCT,$.,.,.
Das,DET,ART,der,Das
Personal,NOUN,NN,Personal,Personal
ist,AUX,VAFIN,sein,ist
klasse,ADJ,ADJD,Klasse,klasse
",",PUNCT,"$,",",",","
vor,ADP,APPR,vor,vor
allem,ADV,PIS,alle,allem
der,DET,ART,der,der
Chef,NOUN,NN,Chef,Chef
und,CCONJ,KON,und,und
der,DET,ART,der,der
nette,ADJ,ADJA,nett,nette
"""",PUNCT,$(,"""",""""
Oberkelner,NOUN,NN,Oberkelner,Oberkelner
"""",PUNCT,$(,"""",""""
Dennis,PROPN,NE,Dennis,Dennis
.,PUNCT,$.,.,.
Das,DET,ART,der,Das
Personal,NOUN,NN,Personal,Personal
ist,AUX,VAFIN,sein,ist
sehr,ADV,ADV,sehr,sehr
freundlich,ADJ,ADJD,freundlich,freundlich
",",PUNCT,"$,",",",","
scheint,VERB,VVFIN,scheinen,scheint
aber,CCONJ,ADV,aber,aber
manchmal,ADV,ADV,manchmal,manchmal
etwas,ADV,ADV,etwas,etwas
überfordert,VERB,ADJD,überfordern,überfordert
zu,PART,PTKZU,zu,zu
sein,AUX,VAINF,sein,sein
.,PUNCT,$.,.,.
Das,DET,ART,der,Das
R2,PROPN,NE,R2,R2
in,ADP,APPR,in,in
Jena,PROPN,NE,Jena,Jena
ist,AUX,VAFIN,sein,ist
ein,DET,ART,ein,ein
Restaurant,NOUN,NN,Restaurant,Restaurant
",",PUNCT,"$,",",",","
was,PRON,PRELS,was,was
sich,PRON,PRF,er|es|sie,sich
direkt,ADV,ADJD,direkt,direkt
am,_,,_,am
an,ADP,APPR,an,an
dem,DET,ART,der,dem
Markt,NOUN,NN,Markt,Markt
befindet,VERB,VVFIN,befinden,befindet
.,PUNCT,$.,.,.
Das,PRON,PDS,der,Das
ragt,VERB,VVFIN,ragen,ragt
mal,ADV,ADV,mal,mal
angenhem,ADV,PIS,angenhem,angenhem
heraus,ADV,PTKVZ,heraus,heraus
aus,ADP,APPR,aus,aus
dem,DET,ART,der,dem
Einheitssbrei,NOUN,NN,Einheitssbrei,Einheitssbrei
.,PUNCT,$.,.,.
Das,DET,ART,der,Das
Restaurant,NOUN,NN,Restaurant,Restaurant
war,AUX,VAFIN,sein,war
sehr,ADV,ADV,sehr,sehr
gut,ADV,ADJD,gut,gut
gefüllt,ADJ,VVPP,füllen,gefüllt
",",PUNCT,"$,",",",","
was,PRON,PRELS,was,was
mich,PRON,PPER,ich,mich
sehr,ADV,ADV,sehr,sehr
verwundert,VERB,VVPP,verwundern,verwundert
hat,AUX,VAFIN,haben,hat
.,PUNCT,$.,.,.
das,PRON,PDS,der,das
sind,AUX,VAFIN,sein,sind
aber,ADV,ADV,aber,aber
seeeeeehr,ADV,ADV,sehr,seeeeeehr
lange,ADJ,ADV,lang,lange
15,NUM,CARD,15,15
Minuten,NOUN,NN,Minute,Minuten
.,PUNCT,$.,.,.
Das,DET,ART,der,Das
Training,NOUN,NN,Training,Training
selbst,ADV,ADV,selbst,selbst
wird,AUX,VAFIN,werden,wird
von,ADP,APPR,von,von
verschiedenen,ADJ,ADJA,verschieden,verschiedenen
Trainern,NOUN,NN,Trainer,Trainern
(,PUNCT,$(,(,(
je,ADV,ADV,je,je
nach,ADP,APPR,nach,nach
Kurs,NOUN,NN,Kurs,Kurs
),PUNCT,$(,),)
geleitet,VERB,VVPP,geleiten|leiten,geleitet
",",PUNCT,"$,",",",","
die,PRON,PRELS,der,die
alle,PRON,PIS,alle,alle
sehr,ADV,ADV,sehr,sehr
viel,PRON,PIS,viel,viel
von,ADP,APPR,von,von
Ihrem,DET,PPOSAT,Ihr|ihr,Ihrem
Handwerk,NOUN,NN,Handwerk,Handwerk
verstehen,VERB,VVFIN,verstehen,verstehen
.,PUNCT,$.,.,.
DasFahren,X,VVFIN,DasFahren,DasFahren
wir,PRON,PPER,wir,wir
jetzt,ADV,ADV,jetzt,jetzt
seit,ADP,APPR,seit,seit
Jahren,NOUN,NN,Jahr,Jahren
hin,ADV,PTKVZ,hin,hin
.,PUNCT,$.,.,.
Dazu,ADV,PAV,dazu,Dazu
muss,AUX,VMFIN,müssen,muss
man,PRON,PIS,man,man
sagen,VERB,VVINF,sagen,sagen
",",PUNCT,"$,",",",","
dass,SCONJ,KOUS,dass,dass
besagter,ADJ,ADJA,besagt,besagter
ServiceMA,NOUN,NN,ServiceMA,ServiceMA
gerade,ADV,ADV,gerade,gerade
alle,PRON,PIAT,alle,alle
Stühle,NOUN,NN,Stuhl,Stühle
im,_,,_,im
in,ADP,APPR,in,in
dem,DET,ART,der,dem
geschlossenen,ADJ,ADJA,geschlossen,geschlossenen
Bereich,NOUN,NN,Bereich,Bereich
aufgestellt,VERB,VVPP,aufstellen,aufgestellt
und,CCONJ,KON,und,und
für,ADP,APPR,für,für
spätere,ADJ,ADJA,spät,spätere
Gäste,NOUN,NN,Gast,Gäste
zurecht,ADV,ADJD,zurecht,zurecht
gerückt,VERB,VVPP,rücken,gerückt
hat,AUX,VAFIN,haben,hat
.,PUNCT,$.,.,.
Dazu,ADV,PAV,dazu,Dazu
noch,ADV,ADV,noch,noch
ein,DET,ART,ein,ein
wirklich,ADV,ADV,wirklich,wirklich
guter,ADJ,ADJA,gut,guter
Kaffee,NOUN,NN,Kaffee,Kaffee
und,CCONJ,KON,und,und
leckeres,ADJ,ADJA,lecker,leckeres
Essen,NOUN,NN,Essen,Essen
.,PUNCT,$.,.,.
Dem,DET,ART,der,Dem
Park,NOUN,NN,Park,Park
fehlt,VERB,VVFIN,fehlen,fehlt
eine,DET,ART,ein,eine
Spitzenattraktion,NOUN,NN,Spitzenattraktion,Spitzenattraktion
/,PUNCT,$(,/,/
ein,DET,ART,ein,ein
Highlight,NOUN,NN,Highlight,Highlight
",",PUNCT,"$,",",",","
wie,ADP,KOKOM,wie,wie
eine,DET,ART,ein,eine
Achterbahn,NOUN,NN,Achterbahn,Achterbahn
mit,ADP,APPR,mit,mit
Katapultstart,NOUN,NN,Katapultstart,Katapultstart
und,CCONJ,KON,und,und
Überschlägen,NOUN,NN,Überschlag,Überschlägen
.,PUNCT,$.,.,.
Der,DET,ART,der,Der
Besuch,NOUN,NN,Besuch,Besuch
lohnt,VERB,VVFIN,lohnen,lohnt
sich,PRON,PRF,er|es|sie,sich
!,PUNCT,$.,!,!
Der,DET,ART,der,Der
Betrieb,NOUN,NN,Betrieb,Betrieb
AF,PROPN,NE,AF,AF
Wintergarten,NOUN,NE,Wintergarten,Wintergarten
ist,AUX,VAFIN,sein,ist
einfach,ADV,ADV,einfach,einfach
Top,ADJ,NN,Top,Top
!,PUNCT,$.,!,!
!,PUNCT,$.,!,!
!,PUNCT,$.,!,!
Der,DET,ART,der,Der
Fisch,NOUN,NN,Fisch,Fisch
ist,AUX,VAFIN,sein,ist
immer,ADV,ADV,immer,immer
frisch,ADJ,ADJD,frisch,frisch
und,CCONJ,KON,und,und
der,DET,ART,der,der
Wein,NOUN,NN,Wein,Wein
ist,AUX,VAFIN,sein,ist
sehr,ADV,ADV,sehr,sehr
gut,ADJ,ADJD,gut,gut
.,PUNCT,$.,.,.
Der,DET,ART,der,Der
Gestank,NOUN,NN,Gestank,Gestank
war,VERB,VAFIN,sein,war
auch,ADV,ADV,auch,auch
durch,ADP,APPR,durch,durch
Lüften,NOUN,NN,Luft|Lüften,Lüften
nicht,PART,PTKNEG,nicht,nicht
aus,ADP,APPR,aus,aus
dem,DET,ART,der,dem
Zimmer,NOUN,NN,Zimmer,Zimmer
zu,PART,PTKZU,zu,zu
bekommen,VERB,VVINF,bekommen,bekommen
.,PUNCT,$.,.,.
Der,DET,ART,der,Der
Kellner,NOUN,NN,Kellner,Kellner
war,AUX,VAFIN,sein,war
sehr,ADV,ADV,sehr,sehr
nett,ADJ,ADJD,nett,nett
und,CCONJ,KON,und,und
die,DET,ART,der,die
Atmosphäre,NOUN,NN,Atmosphäre,Atmosphäre
ruhig,ADJ,ADJD,ruhig,ruhig
und,CCONJ,KON,und,und
entspannt,ADJ,ADJD,entspannt,entspannt
.,PUNCT,$.,.,.
Deswegen,ADV,PAV,deswegen,Deswegen
für,ADP,APPR,für,für
mich,PRON,PPER,ich,mich
und,CCONJ,KON,und,und
viele,PRON,PIAT,viel,viele
andere,PRON,PIS,ander,andere
die,DET,ART,der,die
Nr.1,NOUN,NE,Nr.1,Nr.1
bei,ADP,APPR,bei,bei
KOnten,NOUN,NE,Konto,KOnten
",",PUNCT,"$,",",",","
Banking,NOUN,NE,Banking,Banking
",",PUNCT,"$,",",",","
Kredit,NOUN,NE,Kredit,Kredit
und,CCONJ,KON,und,und
Geldanlage,NOUN,NN,Geldanlage,Geldanlage
.,PUNCT,$.,.,.
Die,DET,ART,der,Die
anderen,PRON,PIS,ander,anderen
hatten,VERB,VAFIN,haben,hatten
teilweise,ADV,ADV,teilweise,teilweise
Gemüse,NOUN,NN,Gemüse,Gemüse
",",PUNCT,"$,",",",","
was,PRON,PRELS,was,was
mir,PRON,PPER,ich,mir
auch,ADV,ADV,auch,auch
eher,ADV,ADV,eher,eher
nach,ADP,APPR,nach,nach
Tiefkühlkost,NOUN,NN,Tiefkühlkost,Tiefkühlkost
aussah,VERB,VVFIN,aussehen,aussah
.,PUNCT,$.,.,.
Die,DET,ART,der,Die
Ausstattung,NOUN,NN,Ausstattung,Ausstattung
ist,AUX,VAFIN,sein,ist
sehr,ADV,ADV,sehr,sehr
spartanisch.Das,X,ADJD,spartanisch.Das,spartanisch.Das
Zimmer,NOUN,NN,Zimmer,Zimmer
war,AUX,VAFIN,sein,war
sehr,ADV,ADV,sehr,sehr
klein,ADJ,ADJD,klein,klein
.,PUNCT,$.,.,.
Die,DET,ART,der,Die
Auswahl,NOUN,NN,Auswahl,Auswahl
auf,ADP,APPR,auf,auf
der,DET,ART,der,der
Karte,NOUN,NN,Karte,Karte
war,AUX,VAFIN,sein,war
zwar,ADV,ADV,zwar,zwar
nicht,PART,PTKNEG,nicht,nicht
allzu,ADV,PTKA,allzu,allzu
groß,ADJ,ADJD,groß,groß
",",PUNCT,"$,",",",","
aber,CCONJ,KON,aber,aber
wir,PRON,PPER,wir,wir
haben,AUX,VAFIN,haben,haben
trotzdem,ADV,PAV,trotzdem,trotzdem
ein,DET,ART,ein,ein
passendes,ADJ,ADJA,passend,passendes
Gericht,NOUN,NN,Gericht,Gericht
gefunden,VERB,VVPP,finden,gefunden
",",PUNCT,"$,",",",","
was,PRON,PRELS,was,was
auch,ADV,ADV,auch,auch
sehr,ADV,ADV,sehr,sehr
lecker,ADJ,ADJD,lecker,lecker
war,AUX,VAFIN,sein,war
.,PUNCT,$.,.,.
Die,DET,ART,der,Die
Beratung,NOUN,NN,Beratung,Beratung
vorab,ADV,ADV,vorab,vorab
war,AUX,VAFIN,sein,war
ebenfalls,ADV,ADV,ebenfalls,ebenfalls
sehr,ADV,ADV,sehr,sehr
hilfreich,ADJ,ADJD,hilfreich,hilfreich
.,PUNCT,$.,.,.
Die,DET,ART,der,Die
Currywurst,NOUN,NN,Currywurst,Currywurst
mit,ADP,APPR,mit,mit
Pommes,NOUN,NN,Pommes,Pommes
ist,AUX,VAFIN,sein,ist
durchaus,ADV,ADV,durchaus,durchaus
genießbar,ADJ,ADJD,genießbar,genießbar
.,PUNCT,$.,.,.
Die,DET,ART,der,Die
Gläser,NOUN,NN,Glas,Gläser
hatten,VERB,VAFIN,haben,hatten
kleine,ADJ,ADJA,klein,kleine
Kratzer,NOUN,NN,Kratzer,Kratzer
in,ADP,APPR,in,in
der,DET,ART,der,der
Mitte,NOUN,NE,Mitte,Mitte
.,PUNCT,$.,.,.
Die,DET,ART,der,Die
Karte,NOUN,NN,Karte,Karte
ist,AUX,VAFIN,sein,ist
riesig,ADJ,ADJD,riesig,riesig
",",PUNCT,"$,",",",","
weshalb,ADV,PWAV,weshalb,weshalb
ich,PRON,PPER,ich,ich
schon,ADV,ADV,schon,schon
von,ADP,APPR,von,von
Anfang,NOUN,NN,Anfang,Anfang
an,PART,APZR,an,an
vermutete,VERB,VVFIN,vermuten,vermutete
",",PUNCT,"$,",",",","
dass,SCONJ,KOUS,dass,dass
es,PRON,PPER,es,es
mit,ADP,APPR,mit,mit
der,DET,ART,der,der
Frische,NOUN,NN,Frische,Frische
nicht,PART,PTKNEG,nicht,nicht
weit,ADV,ADJD,weit,weit
her,ADV,ADV,her,her
ist,VERB,VAFIN,sein,ist
und,CCONJ,KON,und,und
das,PRON,PDS,der,das
bestätigte,VERB,VVFIN,bestätigen,bestätigte
sich,PRON,PRF,er|es|sie,sich
auch,ADV,ADV,auch,auch
.,PUNCT,$.,.,.
Die,DET,ART,der,Die
kleinen,ADJ,ADJA,klein,kleinen
Probierstände,NOUN,NN,Probierstände,Probierstände
sind,AUX,VAFIN,sein,sind
immer,ADV,ADV,immer,immer
recht,ADV,ADV,recht,recht
nett,ADJ,ADJD,nett,nett
",",PUNCT,"$,",",",","
das,DET,ART,der,das
Personal,NOUN,NN,Personal,Personal
ebenfalls,ADV,ADV,ebenfalls,ebenfalls
.,PUNCT,$.,.,.
Die,DET,ART,der,Die
Küche,NOUN,NN,Küche,Küche
ist,AUX,VAFIN,sein,ist
gut,ADJ,ADJD,gut,gut
",",PUNCT,"$,",",",","
wenn,SCONJ,KON,wenn,wenn
nicht,PART,PTKNEG,nicht,nicht
der,DET,ART,der,der
Koch,NOUN,NN,Koch,Koch
",",PUNCT,"$,",",",","
oder,CCONJ,KON,oder,oder
die,DET,ART,der,die
Köche,NOUN,NN,Koch,Köche
",",PUNCT,"$,",",",","
manchmal,ADV,ADV,manchmal,manchmal
nicht,PART,PTKNEG,nicht,nicht
immer,ADV,ADV,immer,immer
auf,ADP,APPR,auf,auf
dem,DET,ART,der,dem
"""",PUNCT,$(,"""",""""
Posten,NOUN,NN,Posten,Posten
"""",PUNCT,$(,"""",""""
sind,VERB,VAFIN,sein,sind
.,PUNCT,$.,.,.
Die,DET,ART,der,Die
Mängel,NOUN,NN,Mangel,Mängel
hat,AUX,VAFIN,haben,hat
er,PRON,PPER,er,er
zwar,ADV,ADV,zwar,zwar
zugegeben,VERB,VVPP,zugeben,zugegeben
jedoch,CCONJ,ADV,jedoch,jedoch
nicht,PART,PTKNEG,nicht,nicht
behoben,VERB,VVPP,beheben,behoben
.,PUNCT,$.,.,.
Die,DET,ART,der,Die
Musiker,NOUN,NN,Musiker,Musiker
beherrschen,VERB,VVFIN,beherrschen,beherrschen
ihre,DET,PPOSAT,ihr,ihre
Instrumente,NOUN,NN,Instrument,Instrumente
alle,PRON,PIS,alle,alle
und,CCONJ,KON,und,und
brauchen,VERB,VVFIN,brauchen,brauchen
sich,PRON,PRF,er|es|sie,sich
nicht,PART,PTKNEG,nicht,nicht
hinter,ADP,APPR,hinter,hinter
einem,DET,ART,ein,einem
Playback,NOUN,NN,Playback,Playback
verstecken,VERB,VVINF,verstecken,verstecken
--,PUNCT,$(,--,--
so,ADV,ADV,so,so
macht,VERB,VVFIN,machen,macht
zuhören,NOUN,ADJA,zuhören,zuhören
Spass,NOUN,NN,Spaß,Spass
!,PUNCT,$.,!,!
Die,DET,ART,der,Die
Pensions,NOUN,NN,Pensions,Pensions
-,PUNCT,$(,-,-
Lage,NOUN,NN,Lage,Lage
fast,ADV,ADV,fast,fast
direkt,ADJ,ADJD,direkt,direkt
an,ADP,APPR,an,an
der,DET,ART,der,der
Schallschutzmauer,NOUN,NN,Schallschutzmauer,Schallschutzmauer
der,DET,ART,der,der
Autobahn,NOUN,NN,Autobahn,Autobahn
",",PUNCT,"$,",",",","
kombiniert,ADJ,VVFIN,kombinieren,kombiniert
mit,ADP,APPR,mit,mit
DB,PROPN,NE,DB,DB
",",PUNCT,"$,",",",","
also,ADV,ADV,also,also
große,ADJ,ADJA,groß,große
Geräuschkulisse,NOUN,NN,Geräuschkulisse,Geräuschkulisse
.,PUNCT,$.,.,.
Die,DET,ART,der,Die
Simkarte,NOUN,NN,Simkarte,Simkarte
habe,VERB,VAFIN,haben,habe
ich,PRON,PPER,ich,ich
zwar,ADV,ADV,zwar,zwar
",",PUNCT,"$,",",",","
aber,CCONJ,KON,aber,aber
benutzen,VERB,VVINF,benutzen,benutzen
kann,AUX,VMFIN,können,kann
ich,PRON,PPER,ich,ich
diese,PRON,PDS,dies,diese
nicht,PART,PTKNEG,nicht,nicht
.,PUNCT,$.,.,.
Dies,PRON,PDS,dies,Dies
ist,AUX,VAFIN,sein,ist
Durchschnitt,NOUN,NN,Durchschnitt,Durchschnitt
.,PUNCT,$.,.,.
Diese,PRON,PDAT,dies,Diese
Firma,NOUN,NN,Firma,Firma
gibt,VERB,VVFIN,geben,gibt
es,PRON,PPER,es,es
seit,ADP,APPR,seit,seit
1989,NUM,CARD,1989,1989
nicht,PART,PTKNEG,nicht,nicht
mehr,ADV,ADV,mehr,mehr
.,PUNCT,$.,.,.
Diese,PRON,PDAT,dies,Diese
Firma,NOUN,NN,Firma,Firma
würde,AUX,VAFIN,werden,würde
ich,PRON,PPER,ich,ich
immer,ADV,ADV,immer,immer
wieder,ADV,ADV,wieder,wieder
weiter,ADV,ADV,weiter,weiter
empfelen,VERB,VVINF,empfelen,empfelen
.,PUNCT,$.,.,.
Diese,PRON,PDAT,dies,Diese
Unterkunft,NOUN,NN,Unterkunft,Unterkunft
ist,AUX,VAFIN,sein,ist
wirklich,ADV,ADV,wirklich,wirklich
sehr,ADV,ADV,sehr,sehr
empfehlenswert,ADJ,ADJD,empfehlenswert,empfehlenswert
.,PUNCT,$.,.,.
Diesen,PRON,PDS,dies,Diesen
hätte,AUX,VAFIN,haben,hätte
ich,PRON,PPER,ich,ich
auch,ADV,ADV,auch,auch
einfach,ADV,ADV,einfach,einfach
zu,ADP,APPR,zu,zu
Hause,NOUN,NN,Haus,Hause
zu,ADP,APPR,zu,zu
mir,PRON,PPER,ich,mir
nehmen,VERB,VVINF,nehmen,nehmen
können,AUX,VMINF,können,können
",",PUNCT,"$,",",",","
da,SCONJ,KOUS,da,da
ich,PRON,PPER,ich,ich
einen,DET,ART,ein,einen
Termin,NOUN,NN,Termin,Termin
hatte,VERB,VAFIN,haben,hatte
und,CCONJ,KON,und,und
dennoch,ADV,ADV,dennoch,dennoch
warten,VERB,VVINF,warten,warten
musste,AUX,VMFIN,müssen,musste
.,PUNCT,$.,.,.
Dieses,PRON,PDAT,dies,Dieses
Jahr,NOUN,NN,Jahr,Jahr
hab,AUX,VVFIN,haben,hab
ich,PRON,PPER,ich,ich
den,DET,ART,der,den
Rescue,NOUN,NN,Rescue,Rescue
-,PUNCT,$(,-,-
Diver,NOUN,NN,Diver,Diver
geplant,VERB,VVPP,planen,geplant
",",PUNCT,"$,",",",","
den,PRON,PRELS,der,den
ich,PRON,PPER,ich,ich
selbstverständlich,ADV,ADJD,selbstverständlich,selbstverständlich
wieder,ADV,ADV,wieder,wieder
hier,ADV,ADV,hier,hier
machen,VERB,VVINF,machen,machen
werde,AUX,VAFIN,werden,werde
.,PUNCT,$.,.,.
Doch,ADV,KON,doch,Doch
es,PRON,PPER,es,es
gibt,VERB,VVFIN,geben,gibt
Momente,NOUN,NN,Moment,Momente
",",PUNCT,"$,",",",","
da,ADV,ADV,da,da
scheint,VERB,VVFIN,scheinen,scheint
der,DET,ART,der,der
Wurm,NOUN,NN,Wurm,Wurm
drin,ADV,ADJD,drin,drin
zu,PART,PTKZU,zu,zu
sein,VERB,VAINF,sein,sein
.,PUNCT,$.,.,.
Dort,ADV,ADV,dort,Dort
wurden,AUX,VAFIN,werden,wurden
wir,PRON,PPER,wir,wir
vorzüglich,ADV,ADJD,vorzüglich,vorzüglich
bewirtet,VERB,VVPP,bewirten,bewirtet
und,CCONJ,KON,und,und
konnten,AUX,VMFIN,können,konnten
auch,ADV,ADV,auch,auch
das,DET,ART,der,das
gesuchte,ADJ,ADJA,gesucht,gesuchte
Gericht,NOUN,NN,Gericht,Gericht
genießen,VERB,VVINF,genießen,genießen
.,PUNCT,$.,.,.
Duchsen,NOUN,NE,Duchsen,Duchsen
war,AUX,VAFIN,sein,war
nur,ADV,ADV,nur,nur
in,ADP,APPR,in,in
gebückter,ADJ,ADJA,gebückt,gebückter
Position,NOUN,NN,Position,Position
möglich,ADJ,ADJD,möglich,möglich
.,PUNCT,$.,.,.
Ebenfalls,ADV,ADV,ebenfalls,Ebenfalls
die,DET,ART,der,die
überwiegend,ADV,ADJD,überwiegend,überwiegend
guten,ADJ,ADJA,gut,guten
Bewertungen,NOUN,NN,Bewertung,Bewertungen
hier,ADV,ADV,hier,hier
überraschen,VERB,VVFIN,überraschen,überraschen
mich,PRON,PPER,ich,mich
.,PUNCT,$.,.,.
Ebensowenig,ADV,ADV,ebensowenig,Ebensowenig
habe,AUX,VAFIN,haben,habe
ich,PRON,PPER,ich,ich
eine,DET,ART,ein,eine
Quittung,NOUN,NN,Quittung,Quittung
über,ADP,APPR,über,über
meinen,DET,PPOSAT,mein,meinen
Einkauf,NOUN,NN,Einkauf,Einkauf
erhalten,VERB,VVINF,erhalten,erhalten
",",PUNCT,"$,",",",","
noch,ADV,ADV,noch,noch
eine,DET,ART,ein,eine
Durchschrift,NOUN,NN,Durchschrift,Durchschrift
des,DET,ART,der,des
von,ADP,APPR,von,von
mir,PRON,PPER,ich,mir
unterschriebenen,ADJ,ADJA,unterschrieben,unterschriebenen
Vertrag,NOUN,NN,Vertrag,Vertrag
.,PUNCT,$.,.,.
Eigentlich,ADV,ADV,eigentlich,Eigentlich
ganz,ADV,ADV,ganz,ganz
gut,ADJ,ADJD,gut,gut
für,ADP,APPR,für,für
den,DET,ART,der,den
preis,NOUN,NN,Preis,preis
",",PUNCT,"$,",",",","
jedoch,CCONJ,ADV,jedoch,jedoch
ungepflegtes,ADJ,ADJA,ungepflegt,ungepflegtes
ambiente,NOUN,NN,Ambiente,ambiente
und,CCONJ,KON,und,und
schön,ADV,ADJD,schön,schön
langsam,ADV,ADJD,langsam,langsam
wirklich,ADV,ADV,wirklich,wirklich
überfüllt,ADJ,VVPP,überfüllen,überfüllt
!,PUNCT,$.,!,!
Ein,DET,ART,ein,Ein
kurzer,ADJ,ADJA,kurz,kurzer
Check,NOUN,NN,Check,Check
ergab,VERB,VVFIN,ergeben,ergab
:,PUNCT,$.,:,:
Dies,PRON,PDS,dies,Dies
war,AUX,VAFIN,sein,war
tatsächlich,ADV,ADV,tatsächlich,tatsächlich
der,DET,ART,der,der
Fall,NOUN,NN,Fall,Fall
!,PUNCT,$.,!,!
Ein,DET,ART,ein,Ein
netter,ADJ,ADJA,nett,netter
Gruß,NOUN,NN,Gruß,Gruß
aus,ADP,APPR,aus,aus
der,DET,ART,der,der
Werkstatt,NOUN,NN,Werkstatt,Werkstatt
für,ADP,APPR,für,für
einen,DET,ART,ein,einen
Kunden,NOUN,NN,Kunde,Kunden
",",PUNCT,"$,",",",","
der,PRON,PRELS,der,der
sich,PRON,PRF,er|es|sie,sich
nicht,PART,PTKNEG,nicht,nicht
übers,_,,_,übers
über,ADP,APPR,über,über
das,DET,ART,der,das
Ohr,NOUN,NN,Ohr,Ohr
hauen,VERB,VVINF,hauen,hauen
lassen,VERB,VVINF,lassen,lassen
will,AUX,VMFIN,wollen,will
?,PUNCT,$.,?,?
Ein,DET,ART,ein,Ein
sauberer,ADJ,ADJA,sauber,sauberer
Park,NOUN,NN,Park,Park
für,ADP,APPR,für,für
die,DET,ART,der,die
ganze,ADJ,ADJA,ganz,ganze
Familie,NOUN,NN,Familie,Familie
.,PUNCT,$.,.,.
Ein,DET,ART,ein,Ein
super,ADJ,ADJA,super,super
Fressnapf,NOUN,NN,Fressnapf,Fressnapf
.,PUNCT,$.,.,.
Eine,DET,ART,ein,Eine
Bereicherung,NOUN,NN,Bereicherung,Bereicherung
für,ADP,APPR,für,für
den,DET,ART,der,den
Yoga,NOUN,NN,Yoga,Yoga
in,ADP,APPR,in,in
Deutschland,PROPN,NE,Deutschland,Deutschland
!,PUNCT,$.,!,!
Eine,DET,ART,ein,Eine
ganz,ADV,ADV,ganz,ganz
klare,ADJ,ADJA,klar,klare
Empfehlung,NOUN,NN,Empfehlung,Empfehlung
.,PUNCT,$.,.,.
Eine,DET,ART,ein,Eine
schöne,ADJ,ADJA,schön,schöne
Erinnerung,NOUN,NN,Erinnerung,Erinnerung
an,ADP,APPR,an,an
Norden,NOUN,NN,Norden,Norden
!,PUNCT,$.,!,!
Eine,DET,ART,ein,Eine
zufriedene,ADJ,ADJA,zufrieden,zufriedene
Kundin,NOUN,NN,Kundin,Kundin
.,PUNCT,$.,.,.
Einen,DET,ART,ein,Einen
Lieferanten,NOUN,NN,Lieferant,Lieferanten
für,ADP,APPR,für,für
Massagesessel,NOUN,NN,Massagesessel,Massagesessel
und,CCONJ,KON,und,und
Infrarotkabinen,NOUN,NN,Infrarotkabinen,Infrarotkabinen
zu,PART,PTKZU,zu,zu
finden,VERB,VVINF,finden,finden
war,AUX,VAFIN,sein,war
gar,ADV,ADV,gar,gar
nicht,PART,PTKNEG,nicht,nicht
einfach,ADJ,ADJD,einfach,einfach
.,PUNCT,$.,.,.
Eintritt,NOUN,NN,Eintritt,Eintritt
ok,ADV,ADJD,ok,ok
",",PUNCT,"$,",",",","
da,SCONJ,KOUS,da,da
man,PRON,PIS,man,man
mit,ADP,APPR,mit,mit
der,DET,ART,der,der
Karte,NOUN,NN,Karte,Karte
auch,ADV,ADV,auch,auch
Zugang,NOUN,NN,Zugang,Zugang
zum,_,,_,zum
zu,ADP,APPR,zu,zu
dem,DET,ART,der,dem
Wildpark,NOUN,NN,Wildpark,Wildpark
hat,VERB,VAFIN,haben,hat
.,PUNCT,$.,.,.
Ekelerregent,ADJ,NN,Ekelerregent,Ekelerregent
und,CCONJ,KON,und,und
wahnsinning,ADV,NN,wahnsinning,wahnsinning
unerhört,ADJ,VVFIN,unerhört,unerhört
!,PUNCT,$.,!,!
!,PUNCT,$.,!,!
!,PUNCT,$.,!,!
!,PUNCT,$.,!,!
!,PUNCT,$.,!,!
!,PUNCT,$.,!,!
Empfele,VERB,VVFIN,Empfele,Empfele
besonders,ADV,ADV,besonders,besonders
die,DET,ART,der,die
Familienpizza,NOUN,NN,Familienpizza,Familienpizza
Magharita,PROPN,NE,Magharita,Magharita
für,ADP,APPR,für,für
10,NUM,CARD,10,10
€,PROPN,NN,€,€
sehr,ADV,ADV,sehr,sehr
günstig,ADJ,ADJD,günstig,günstig
und,CCONJ,KON,und,und
lecker,ADJ,ADJD,lecker,lecker
!,PUNCT,$.,!,!
Endlich,ADV,ADV,endlich,Endlich
hat,AUX,VAFIN,haben,hat
er,PRON,PPER,er,er
abgerechnet,VERB,VVPP,abrechnen,abgerechnet
worauf,ADV,PWAV,worauf,worauf
ich,PRON,PPER,ich,ich
ihm,PRON,PPER,er,ihm
darauf,ADV,PAV,darauf,darauf
hinwies,VERB,VVFIN,hinweisen,hinwies
das,SCONJ,KOUS,dass,das
ich,PRON,PPER,ich,ich
keine,PRON,PIAT,kein,keine
Lust,NOUN,NN,Lust,Lust
habe,VERB,VAFIN,haben,habe
in,ADP,APPR,in,in
so,ADV,ADV,so,so
ein,DET,ART,ein,ein
Stresslokal,NOUN,NN,Stresslokal,Stresslokal
zu,PART,PTKZU,zu,zu
essen,VERB,VVINF,essen,essen
UND,CCONJ,KON,UND,UND
das,SCONJ,KOUS,dass,das
er,PRON,PPER,er,er
die,DET,ART,der,die
15,NUM,CARD,15,15
Eurocent,NOUN,NN,Eurocent,Eurocent
als,ADP,KOKOM,als,als
Trinkgeld,NOUN,NN,Trinkgeld,Trinkgeld
behalten,VERB,VVINF,behalten,behalten
kann,AUX,VMFIN,können,kann
weil,SCONJ,KOUS,weil,weil
er,PRON,PPER,er,er
für,ADP,APPR,für,für
so,ADV,ADV,so,so
viel,DET,PIAT,viel,viel
Spass,NOUN,NN,Spaß,Spass
gesorgt,VERB,VVPP,sorgen,gesorgt
hat,AUX,VAFIN,haben,hat
und,CCONJ,KON,und,und
er,PRON,PPER,er,er
dann,ADV,ADV,dann,dann
auch,ADV,ADV,auch,auch
damit,ADV,PAV,damit,damit
sein,DET,PPOSAT,sein,sein
Spass,NOUN,NN,Spaß,Spass
haben,VERB,VAINF,haben,haben
soll,AUX,VMFIN,sollen,soll
.,PUNCT,$.,.,.
Er,PRON,PPER,er,Er
hat,AUX,VAFIN,haben,hat
vor,ADP,APPR,vor,vor
einigen,PRON,PIAT,einige,einigen
Jahren,NOUN,NN,Jahr,Jahren
einen,DET,ART,ein,einen
Orden,NOUN,NN,Orden,Orden
von,ADP,APPR,von,von
ihrem,DET,PPOSAT,ihr,ihrem
Hause,NOUN,NN,Haus,Hause
überreicht,VERB,VVPP,überreichen,überreicht
bekommen,VERB,VVPP,bekommen,bekommen
und,CCONJ,KON,und,und
dies,PRON,PDS,dies,dies
sicherlich,ADV,ADV,sicherlich,sicherlich
nicht,PART,PTKNEG,nicht,nicht
für,ADP,APPR,für,für
überteuerte,ADJ,ADJA,überteuert,überteuerte
Preise,NOUN,NN,Preis,Preise
.,PUNCT,$.,.,.
Er,PRON,PPER,er,Er
ist,VERB,VAFIN,sein,ist
im,_,,_,im
in,ADP,APPR,in,in
dem,DET,ART,der,dem
höchstem,ADJ,ADJA,hoch,höchstem
Maße,NOUN,NN,Maß,Maße
weiter,ADV,ADV,weiter,weiter
zu,PART,PTKZU,zu,zu
empfehlen,VERB,VVINF,empfehlen,empfehlen
.,PUNCT,$.,.,.
Es,PRON,PPER,es,Es
fing,VERB,VVFIN,fangen,fing
mit,ADP,APPR,mit,mit
einer,DET,ART,ein,einer
Wartezeit,NOUN,NN,Wartezeit,Wartezeit
von,ADP,APPR,von,von
ca,ADV,ADV,ca,ca
20,NUM,CARD,20,20
Minuten,NOUN,NN,Minute,Minuten
an,ADP,PTKVZ,an,an
",",PUNCT,"$,",",",","
zu,ADP,APPR,zu,zu
welcher,PRON,PRELS,welch,welcher
mir,PRON,PPER,ich,mir
jedoch,ADV,ADV,jedoch,jedoch
ein,DET,ART,ein,ein
Kaffee,NOUN,NN,Kaffee,Kaffee
angeboten,VERB,VVPP,anbieten,angeboten
wurde,AUX,VAFIN,werden,wurde
.,PUNCT,$.,.,.
Es,PRON,PPER,es,Es
gab,VERB,VVFIN,geben,gab
vor,ADP,APPR,vor,vor
allem,PRON,PIS,alle,allem
nicht,PART,PTKNEG,nicht,nicht
die,DET,ART,der,die
üblichen,ADJ,ADJA,üblich,üblichen
Grillteller,NOUN,NN,Grillteller,Grillteller
.,PUNCT,$.,.,.
Es,PRON,PPER,es,Es
gibt,VERB,VVFIN,geben,gibt
allerdings,ADV,ADV,allerdings,allerdings
keine,PRON,PIAT,kein,keine
Aufnahmegebühr,NOUN,NN,Aufnahmegebühr,Aufnahmegebühr
oder,CCONJ,KON,oder,oder
sonstige,ADJ,ADJA,sonstig,sonstige
versteckte,ADJ,ADJA,versteckt,versteckte
Kosten,NOUN,NN,Kosten,Kosten
.,PUNCT,$.,.,.
Es,PRON,PPER,es,Es
gibt,VERB,VVFIN,geben,gibt
von,ADP,APPR,von,von
meiner,DET,PPOSAT,mein,meiner
Seite,NOUN,NN,Seite,Seite
nur,ADV,ADV,nur,nur
zu,PART,PTKZU,zu,zu
bemängeln,VERB,VVINF,bemängeln,bemängeln
",",PUNCT,"$,",",",","
dass,SCONJ,KOUS,dass,dass
ich,PRON,PPER,ich,ich
nicht,PART,PTKNEG,nicht,nicht
meiner,DET,PPOSAT,mein,meiner
Mobilität,NOUN,NN,Mobilität,Mobilität
gefragt,VERB,VVPP,fragen,gefragt
wurde,AUX,VAFIN,werden,wurde
und,CCONJ,KON,und,und
auf,ADP,APPR,auf,auf
die,DET,ART,der,die
Strassenbahn,NOUN,NN,Straßenbahn,Strassenbahn
angewiesen,ADJ,ADJD,anweisen,angewiesen
war,VERB,VAFIN,sein,war
.,PUNCT,$.,.,.
Es,PRON,PPER,es,Es
ist,AUX,VAFIN,sein,ist
alles,PRON,PIS,alle,alles
sehr,ADV,ADV,sehr,sehr
sauber,ADJ,ADJD,sauber,sauber
und,CCONJ,KON,und,und
man,PRON,PIS,man,man
wird,AUX,VAFIN,werden,wird
sofort,ADV,ADV,sofort,sofort
an,ADP,APPR,an,an
der,DET,ART,der,der
Tür,NOUN,NN,Tür,Tür
freundlich,ADV,ADJD,freundlich,freundlich
begrüßt,VERB,VVPP,begrüßen,begrüßt
.,PUNCT,$.,.,.
Es,PRON,PPER,es,Es
lässt,VERB,VVFIN,lassen,lässt
sich,PRON,PRF,er|es|sie,sich
nur,ADV,ADV,nur,nur
spekulieren,VERB,VVINF,spekulieren,spekulieren
",",PUNCT,"$,",",",","
was,PRON,PWS,was,was
mit,ADP,APPR,mit,mit
dem,DET,ART,der,dem
Kühlwasser,NOUN,NN,Kühlwasser,Kühlwasser
passiert,VERB,VVPP,passieren,passiert
ist,AUX,VAFIN,sein,ist
.,PUNCT,$.,.,.
Es,PRON,PPER,es,Es
würde,AUX,VAFIN,werden,würde
uns,PRON,PPER,wir,uns
sonst,ADV,ADV,sonst,sonst
was,PRON,PIS,was,was
fehlen,VERB,VVINF,fehlen,fehlen
.,PUNCT,$.,.,.
F4M,PROPN,NE,F4M,F4M
--,PUNCT,$(,--,--
eine,DET,ART,ein,eine
moderne,ADJ,ADJA,modern,moderne
Band,NOUN,NN,Band,Band
",",PUNCT,"$,",",",","
die,PRON,PRELS,der,die
sehr,ADV,ADV,sehr,sehr
genau,ADV,ADJD,genau,genau
auf,ADP,APPR,auf,auf
Kundenwünsche,NOUN,NN,Kundenwunsch,Kundenwünsche
eingehen,VERB,VVINF,eingehen,eingehen
kann,AUX,VMFIN,können,kann
.,PUNCT,$.,.,.
Falls,SCONJ,KOUS,falls,Falls
man,PRON,PIS,man,man
also,ADV,ADV,also,also
mal,ADV,ADV,mal,mal
nicht,PART,PTKNEG,nicht,nicht
vor,ADP,APPR,vor,vor
Ort,NOUN,NN,Ort,Ort
ist,VERB,VAFIN,sein,ist
bestellt,VERB,VVPP,bestellen,bestellt
man,PRON,PIS,man,man
sich,PRON,PRF,er|es|sie,sich
einfach,ADV,ADV,einfach,einfach
die,DET,ART,der,die
nötigen,ADJ,ADJA,nötig,nötigen
Medikamente,NOUN,NN,Medikament,Medikamente
nach,ADP,APPR,nach,nach
Hause,NOUN,NN,Haus,Hause
.,PUNCT,$.,.,.
Fazit,NOUN,NN,Fazit,Fazit
:,PUNCT,$.,:,:
Augen,NOUN,NN,Auge,Augen
zu,ADV,ADV,zu,zu
und,CCONJ,KON,und,und
durch,ADP,ADV,durch,durch
",",PUNCT,"$,",",",","
allerdings,ADV,ADV,allerdings,allerdings
läßt,VERB,VVFIN,lassen,läßt
der,DET,ART,der,der
Preis,NOUN,NN,Preis,Preis
nicht,PART,PTKNEG,nicht,nicht
darauf,ADV,PAV,darauf,darauf
schließen,VERB,VVINF,schließen,schließen
.,PUNCT,$.,.,.
Fettabsaugung,NOUN,NN,Fettabsaugung,Fettabsaugung
im,_,,_,im
in,ADP,APPR,in,in
dem,DET,ART,der,dem
Prevention,NOUN,NN,Prevention,Prevention
Center,NOUN,NN,Center,Center
in,ADP,APPR,in,in
Zürich,PROPN,NE,Zürich,Zürich
.,PUNCT,$.,.,.
Freundlich,ADJ,ADJD,freundlich,Freundlich
und,CCONJ,KON,und,und
unkompliziert,ADJ,ADJD,unkompliziert,unkompliziert
ist,AUX,VAFIN,sein,ist
die,DET,ART,der,die
Organisation,NOUN,NN,Organisation,Organisation
in,ADP,APPR,in,in
der,DET,ART,der,der
Praxis,NOUN,NN,Praxis,Praxis
",",PUNCT,"$,",",",","
und,CCONJ,KON,und,und
der,DET,ART,der,der
Besuch,NOUN,NN,Besuch,Besuch
erfolgte,VERB,VVFIN,erfolgen,erfolgte
",",PUNCT,"$,",",",","
zumindest,ADV,ADV,zumindest,zumindest
bei,ADP,APPR,bei,bei
mir,PRON,PPER,ich,mir
",",PUNCT,"$,",",",","
immer,ADV,ADV,immer,immer
schmerzfrei,ADJ,ADJD,schmerzfrei,schmerzfrei
.,PUNCT,$.,.,.
Frühstück,NOUN,NN,Frühstück,Frühstück
am,_,,_,am
an,ADP,APPR,an,an
dem,DET,ART,der,dem
besten,ADJ,NN,gut,besten
gar,ADV,ADV,gar,gar
nicht,PART,PTKNEG,nicht,nicht
dazu,ADV,PAV,dazu,dazu
buchen,VERB,VVINF,buchen,buchen
",",PUNCT,"$,",",",","
McDonalds,PROPN,NE,Mcdonalds,McDonalds
ist,AUX,VAFIN,sein,ist
nicht,PART,PTKNEG,nicht,nicht
weit,ADJ,ADJD,weit,weit
und,CCONJ,KON,und,und
die,DET,ART,der,die
bessere,ADJ,ADJA,gut,bessere
Alternative,NOUN,NN,Alternative,Alternative
.,PUNCT,$.,.,.
Frühstück,NOUN,NN,Frühstück,Frühstück
gibt,VERB,VVFIN,geben,gibt
es,PRON,PPER,es,es
erst,ADV,ADV,erst,erst
ab,ADP,APPR,ab,ab
8:00,NUM,CARD,8:00,8:00
Uhr,NOUN,NN,Uhr,Uhr
.,PUNCT,$.,.,.
Fuer,ADP,ADV,Fuer,Fuer
ein,DET,ART,ein,ein
3,NUM,ADJA,3,3
-,PUNCT,$(,-,-
sterne,NOUN,ADJA,sterne,sterne
hotel,NOUN,NN,hotel,hotel
und,CCONJ,KON,und,und
fuer,ADP,PPOSAT,fuer,fuer
den,DET,ART,der,den
Preis,NOUN,NN,Preis,Preis
TOP,ADJ,NE,TOP,TOP
.,PUNCT,$.,.,.
Für,ADP,APPR,für,Für
den,DET,ART,der,den
Monatsbeitrag,NOUN,NN,Monatsbeitrag,Monatsbeitrag
kann,AUX,VMFIN,können,kann
man,PRON,PIS,man,man
dann,ADV,ADV,dann,dann
an,ADP,APPR,an,an
allen,PRON,PIAT,alle,allen
angebotenen,ADJ,ADJA,angeboten,angebotenen
Kursen,NOUN,NN,Kurs,Kursen
(,PUNCT,$(,(,(
täglich,ADV,ADJD,täglich,täglich
mehrere,PRON,PIAT,mehrere,mehrere
Kurse,NOUN,NN,Kurs,Kurse
",",PUNCT,"$,",",",","
auch,ADV,ADV,auch,auch
Samstag,PROPN,NN,Samstag,Samstag
und,CCONJ,KON,und,und
Sonntag,PROPN,NN,Sonntag,Sonntag
),PUNCT,$(,),)
teilnehmen,VERB,VVINF,teilnehmen,teilnehmen
.,PUNCT,$.,.,.
Für,ADP,APPR,für,Für
uns,PRON,PPER,wir,uns
das,DET,ART,der,das
letzte,ADJ,ADJA,letzt,letzte
Mal,NOUN,NN,Mal,Mal
in,ADP,APPR,in,in
diesem,PRON,PDAT,dies,diesem
Laden,NOUN,NN,Laden,Laden
.,PUNCT,$.,.,.
Ganz,ADV,ADV,ganz,Ganz
große,ADJ,ADJA,groß,große
Klasse,NOUN,NN,Klasse,Klasse
",",PUNCT,"$,",",",","
besonders,ADV,ADV,besonders,besonders
für,ADP,APPR,für,für
Familien,NOUN,NN,Familie,Familien
.,PUNCT,$.,.,.
Ganz,ADV,ADV,ganz,Ganz
im,_,,_,im
in,ADP,APPR,in,in
dem,DET,ART,der,dem
Gegenteil,NOUN,NN,Gegenteil,Gegenteil
",",PUNCT,"$,",",",","
die,DET,ART,der,die
Brille,NOUN,NN,Brille,Brille
war,AUX,VAFIN,sein,war
schlechter,ADJ,ADJD,schlecht,schlechter
als,ADP,KOKOM,als,als
vorher,ADV,ADV,vorher,vorher
.,PUNCT,$.,.,.
Gäste,NOUN,NN,Gast,Gäste
sind,AUX,VAFIN,sein,sind
immer,ADV,ADV,immer,immer
