token,tag,tag_STTS,lemma_gold,lemma_pred
was,PRON,PWS,was,
echt,ADJ,ADJD,echt,echt
Zori,PROPN,NE,Zori,
?,PUNCT,$.,?,
das,PRON,PDS,der,
Küssen,NOUN,NN,küssen,Küssen
??,PUNCT,$.,??,
na,INTJ,ITJ,na,
gut,ADJ,ADJD,gut,gut
Marc,PROPN,NE,Marc,
.,PUNCT,$.,.,
kein,DET,PIAT,kein,
Servicepaket,NOUN,NN,Servicepaket,Servicepaket
Nr.,NOUN,NN,Nr.,Nr.
1,NUM,CARD,1,1
für,ADP,APPR,für,
dich,PRON,PPER,dich,
:),UNK,EMOASC,:),
was,PRON,PWS,was,
?,PUNCT,$.,?,
hi,INTJ,ITJ,hi,
danke,PART,PTKANT,danke,
Pharao,PROPN,NE,Pharao,
*,PUNCT,$(,*,
erleichtertguck,UNK,AKW,erleichtertguck,
*,PUNCT,$(,*,
juhu,INTJ,ITJ,juhu,
Tom,PROPN,NE,Tom,
ist,AUX,VAFIN,sein,
da,ADV,ADV,da,da
echt,ADJ,ADJD,echt,echt
?,PUNCT,$.,?,
hi,INTJ,ITJ,hi,
quaki,PROPN,NE,quaki,
heyho,INTJ,ITJ,heyho,
Tom,PROPN,NE,Tom,
re,INTJ,ITJ,re,
Tom,PROPN,NE,Tom,
hi,INTJ,ITJ,hi,
Marc,PROPN,NE,Marc,
hi,INTJ,ITJ,hi,
Tom,PROPN,NE,Tom,
hi,INTJ,ITJ,hi,
Faryen,PROPN,NE,Faryen,
hi,INTJ,ITJ,hi,
Zora,PROPN,NE,Zora,
huhu,INTJ,ITJ,huhu,
Tom,PROPN,NE,Tom,
:),UNK,EMOASC,:),
alles,PRON,PIS,alle,
konfetti,ADJ,ADJD,konfetti,konfetti
bei,ADP,APPR,bei,
euch,PRON,PPER,euch,
?,PUNCT,$.,?,
mich,PRON,PPER,mich,
nochmal,ADV,ADV,nochmal,nochmal
zu,ADP,APPR,zu,
hi,X,XY,hi,
n,X,XY,n,
hinstell,UNK,AKW,hinstell,
:),UNK,EMOASC,:),
Lantonie,PROPN,NE,Lantonie,
hallo,INTJ,ITJ,hallo,
.,PUNCT,$.,.,
:),UNK,EMOASC,:),
Lantonie,PROPN,NE,Lantonie,
:))),UNK,EMOASC,:))),
*,PUNCT,$(,*,
mal,UNK,PTKMA,mal,
guck,UNK,AKW,guck,
wo,ADV,PWAV,wo,wo
quaki,PROPN,NE,quaki,
sich,PRON,PRF,sich,
nun,ADV,ADV,nun,nun
hinstellt,VERB,VVFIN,hinstellen,hinstellen
*,PUNCT,$(,*,
g,UNK,AKW,g,
*,PUNCT,$(,*,
freu,UNK,AKW,freu,
juhu,INTJ,ITJ,juhu,
hallo,INTJ,ITJ,hallo,
quaki,PROPN,NE,quaki,
.,PUNCT,$.,.,
Lantonie,PROPN,NE,Lantonie,
:o),UNK,EMOASC,:o),
hi,INTJ,ITJ,hi,
Lanto,PROPN,NE,Lanto,
huhu,INTJ,ITJ,huhu,
zora,PROPN,NE,zora,
.,PUNCT,$.,.,
:))),UNK,EMOASC,:))),
re,INTJ,ITJ,re,
Tomcat,PROPN,NE,Tomcat,
.,PUNCT,$.,.,
re,INTJ,ITJ,re,
Marc,PROPN,NE,Marc,
.,PUNCT,$.,.,
.))),UNK,EMOASC,.))),
ups,INTJ,ITJ,ups,
ist,AUX,VAFIN,sein,
das,PRON,PDS,der,
das,DET,ART,der,
falsche,ADJ,ADJA,falsch,falsch
Eck,NOUN,NN,Eck,Eck
??,PUNCT,$.,??,
hi,INTJ,ITJ,hi,
Lantonie,PROPN,NE,Lantonie,
quaki,PROPN,NE,quaki,
krabbelt,VERB,VVFIN,krabbeln,krabbeln
aus,ADP,APPR,aus,
dem,DET,ART,der,
Eck,NOUN,NN,Eck,Eck
raus,PART,PTKVZ,raus,
hallo,INTJ,ITJ,hallo,
Faryen,PROPN,NE,Faryen,
.,PUNCT,$.,.,
:),UNK,EMOASC,:),
ich,PRON,PPER,ich,
finde,VERB,VVFIN,finden,finden
den,DET,ART,der,
quaki,PROPN,NE,quaki,
klasse,ADJ,ADJD,klasse,klass
",",PUNCT,"$,",",",
ein,DET,ART,ein,
toller,ADJ,ADJA,toll,toll
Neuzugang,NOUN,NN,Neuzugang,Neuzugang
",",PUNCT,"$,",",",
der,PRON,PRELS,der,
sich,PRON,PRF,sich,
echt,ADJ,ADJD,echt,echt
bewährt,VERB,VVFIN,bewähren,bewähren
.,PUNCT,$.,.,
:))),UNK,EMOASC,:))),
na,INTJ,ITJ,na,
",",PUNCT,"$,",",",
Zori,PROPN,NE,Zori,
?,PUNCT,$.,?,
:)),UNK,EMOASC,:)),
den,PRON,PDS,der,
?,PUNCT,$.,?,
*,PUNCT,$(,*,
g,UNK,AKW,g,
*,PUNCT,$(,*,
danke,PART,PTKANT,danke,
Lantonie,PROPN,NE,Lantonie,
ich,PRON,PPER,ich,
habe,AUX,VAFIN,haben,
heute,ADV,ADV,heute,heute
einen,DET,ART,ein,
SMS,NOUN,NN,SMS,SMS
von,ADP,APPR,von,
Tigaaaaelse,PROPN,NE,Tigaaaaelse,
bekommen,VERB,VVPP,bekommen,bekommen
.,PUNCT,$.,.,
*,PUNCT,$(,*,
erzähl,UNK,AKW,erzähl,
*,PUNCT,$(,*,
Lanto,PROPN,NE,Lanto,
redet,VERB,VVFIN,reden,reden
wie,CONJ,KOKOM,wie,
eine,DET,ART,ein,
Bewährungshelferin,NOUN,NN,Bewährungshelferin,Bewährungshelferin
Zora,PROPN,NE,Zora,
freut,VERB,VVFIN,freuen,freuen
sich,PRON,PRF,sich,
über,ADP,APPR,über,
ihr,DET,PPOSAT,ihr,
Zeugnis,NOUN,NN,Zeugnis,Zeugnis
:))),UNK,EMOASC,:))),
*,PUNCT,$(,*,
aufpluster,UNK,AKW,aufpluster,
*,PUNCT,$(,*,
ich,PRON,PPER,ich,
mal,UNK,PTKMA,mal,
wieder,ADV,ADV,wieder,wieder
nicht,PART,PTKNEG,nicht,
...,PUNCT,$.,...,
was,PRON,PWS,was,
hast,AUX,VAFIN,haben,
denn,UNK,PTKMA,denn,
Zori,PROPN,NE,Zori,
??,PUNCT,$.,??,
erzähl,VERB,VVIMP,erzählen,erzählen
das,PRON,PDS,der,
hast,AUX,VAFIN,haben,
du,PRON,PPER,du,
dir,PRON,PRF,sich,
verdient,VERB,VVPP,verdienen,verdienen
",",PUNCT,"$,",",",
Zori,PROPN,NE,Zori,
?,PUNCT,$.,?,
oh,INTJ,ITJ,oh,
man,INTJ,ITJ,man,
was,PRON,PWS,was,
fürn,ADP,APPRART,für,
Krawall,NOUN,NN,Krawall,Krawall
hier,ADV,ADV,hier,hier
draußen,ADV,ADV,draußen,draußen
...,PUNCT,$.,...,
*,PUNCT,$(,*,
guck,UNK,AKW,guck,
*,PUNCT,$(,*,
nur,UNK,PTKIFG,nur,
Einser,NOUN,NN,Eins,Einser
*,PUNCT,$(,*,
brustschwell,UNK,AKW,brustschwell,
*,PUNCT,$(,*,
re,INTJ,ITJ,re,
:-))),UNK,EMOASC,:-))),
re,INTJ,ITJ,re,
r,INTJ,ITJ,r,
Emon,PROPN,NE,Emon,
und,CONJ,KON,und,
eine,DET,ART,ein,
Eins,NOUN,NN,Eins,Eins
Minus,NOUN,NN,Minus,Minus
in,ADP,APPR,in,
Benehmen,NOUN,NN,benehmen,Benehmen
*,PUNCT,$(,*,
ggg,UNK,AKW,ggg,
*,PUNCT,$(,*,
*,PUNCT,$(,*,
njamnjamnajm,UNK,ONO,njamnjamnajm,
*,PUNCT,$(,*,
re,INTJ,ITJ,re,
stoeps,PROPN,NE,stoeps,
.,PUNCT,$.,.,
oh,INTJ,ITJ,oh,
die,DET,ART,der,
Geistigkeit,NOUN,NN,Geistigkeit,Geistigkeit
kommt,VERB,VVFIN,kommen,kommen
auch,ADV,ADV,auch,auch
*,PUNCT,$(,*,
freu,UNK,AKW,freu,
*,PUNCT,$(,*,
re,INTJ,ITJ,re,
stoeps,PROPN,NE,stoeps,
:o),UNK,EMOASC,:o),
+,X,XY,+,
s,UNK,AKW,s,
hallo,INTJ,ITJ,hallo,
Emon,PROPN,NE,Emon,
.,PUNCT,$.,.,
re,INTJ,ITJ,re,
stoeps,PROPN,NE,stoeps,
hi,INTJ,ITJ,hi,
Emon,PROPN,NE,Emon,
tag,INTJ,ITJ,tag,
quaki,PROPN,NE,quaki,
:),UNK,EMOASC,:),
das,PRON,PDS,der,
sind,AUX,VAFIN,sein,
schätzungsweise,ADV,ADV,schätzungsweise,schätzungsweise
200,NUM,CARD,200,200
Krähen,NOUN,NN,Krähe,Krähe
oder,CONJ,KON,oder,
so,ADV,ADV,so,so
in,ADP,APPR,in,
einem,DET,ART,ein,
Baum,NOUN,NN,Baum,Baum
der,PRON,PRELS,der,
etwa,ADV,ADV,etwa,etwa
100,NUM,CARD,100,100
m,NOUN,NN,m,m
weg,ADV,ADV,weg,weg
ist,AUX,VAFIN,sein,
...,PUNCT,$.,...,
quaki,PROPN,NE,quaki,
und,CONJ,KON,und,
Lanto,PROPN,NE,Lanto,
:),UNK,EMOASC,:),
hi,INTJ,ITJ,hi,
Thor,PROPN,NE,Thor,
:-),UNK,EMOASC,:-),
hi,INTJ,ITJ,hi,
stoeps,PROPN,NE,stoeps,
und,CONJ,KON,und,
Tom,PROPN,NE,Tom,
:(,UNK,EMOASC,:(,
*,PUNCT,$(,*,
g,UNK,AKW,g,
*,PUNCT,$(,*,
über,ADP,APPR,über,
meine,DET,PPOSAT,mein,
Benehmennote,NOUN,NN,Benehmennote,Benehmennote
reden,VERB,VVFIN,reden,reden
wir,PRON,PPER,wir,
lieber,ADJ,ADJD,lieb,lieb
nicht,PART,PTKNEG,nicht,
hi,INTJ,ITJ,hi,
Emon,PROPN,NE,Emon,
200,NUM,CARD,200,200
Krähen,NOUN,NN,Krähe,Krähe
?,PUNCT,$.,?,
jo,PART,PTKANT,jo,
..,PUNCT,$.,..,
die,DET,ART,der,
Eins,NOUN,NN,Eins,Eins
Minus,NOUN,NN,Minus,Minus
hast,AUX,VAFIN,haben,
du,PRON,PPER,du,
bekommen,VERB,VVPP,bekommen,bekommen
",",PUNCT,"$,",",",
weil,SCONJ,KOUS,weil,
du,PRON,PPER,du,
eine,DET,ART,ein,
Zeitlang,NOUN,NN,Zeitlang,Zeitlang
häufti,ADJ,ADJD,häufti,häufti
gesagt,VERB,VVPP,sagen,sagen
hast,AUX,VAFIN,haben,
.,PUNCT,$.,.,
was,PRON,PWS,was,
ist,AUX,VAFIN,sein,
Benehmen,NOUN,NN,benehmen,Benehmen
?,PUNCT,$.,?,
die,DET,ART,der,
Vögel,NOUN,NN,Vogel,Vogel
hi,INTJ,ITJ,hi,
quaki,PROPN,NE,quaki,
",",PUNCT,"$,",",",
Lantonie,PROPN,NE,Lantonie,
*,PUNCT,$(,*,
hehe,INTJ,ITJ,hehe,
*,PUNCT,$(,*,
stoeps,PROPN,NE,stoeps,
gibt,VERB,VVFIN,geben,geben
Thor,PROPN,NE,Thor,
eine,DET,ART,ein,
6,NOUN,NN,6,6
stimmts,UNK,VVPPER,stimmen,
?,PUNCT,$.,?,
stoeps,PROPN,NE,stoeps,
:))),UNK,EMOASC,:))),
*,PUNCT,$(,*,
lol,UNK,AKW,lol,
*,PUNCT,$(,*,
Zori,PROPN,NE,Zori,
?,PUNCT,$.,?,
re,INTJ,ITJ,re,
*,PUNCT,$(,*,
lach,UNK,AKW,lach,
*,PUNCT,$(,*,
tach,INTJ,ITJ,tach,
Erdbeere$,PROPN,NE,Erdbeere$,
hallo,INTJ,ITJ,hallo,
Erdbeere$,PROPN,NE,Erdbeere$,
.,PUNCT,$.,.,
hallo,INTJ,ITJ,hallo,
Erdbeere$,PROPN,NE,Erdbeere$,
:),UNK,EMOASC,:),
Lantonie,PROPN,NE,Lantonie,
kann,VERB,VMFIN,können,können
ihre,DET,PPOSAT,ihr,
Noten,NOUN,NN,Note,Note
begründen,VERB,VVINF,begründen,begründen
.,PUNCT,$.,.,
mann,INTJ,ITJ,mann,
",",PUNCT,"$,",",",
habe,AUX,VAFIN,haben,
tatsächlich,ADJ,ADJD,tatsächlich,tatsächlich
was,DET,PIAT,was,
Verdauliches,NOUN,NN,verdauliche,Verdauliches
gegessen,VERB,VVPP,essen,essen
...,PUNCT,$.,...,
:),UNK,EMOASC,:),
da,ADV,ADV,da,da
ist,AUX,VAFIN,sein,
sone,UNK,ADVART,so,
etwa,UNK,PTKIFG,etwa,
25,NUM,CARD,25,25
m,NOUN,NN,m,m
hohe,ADJ,ADJA,hoch,hoch
Pappel,NOUN,NN,Pappel,Pappel
wo,ADV,PWAV,wo,wo
die,PRON,PDS,der,
drinsitzen,VERB,VVFIN,drinsitzen,drinsitzen
und,CONJ,KON,und,
rumzetern,VERB,VVFIN,rumzetern,rumzetern
*,PUNCT,$(,*,
g,UNK,AKW,g,
*,PUNCT,$(,*,
hallo,INTJ,ITJ,hallo,
Lanto,PROPN,NE,Lanto,
die,DET,ART,der,
Viecher,NOUN,NN,Viech,Viecher
reißen,VERB,VVFIN,reißen,reißen
immer,ADV,ADV,immer,immer
die,DET,ART,der,
Müllsäcke,NOUN,NN,Müllsack,Müllsack
auf,PART,PTKVZ,auf,
hm,INTJ,ITJ,hm,
stoeps,PROPN,NE,stoeps,
auch,ADV,ADV,auch,auch
*,PUNCT,$(,*,
g,UNK,AKW,g,
*,PUNCT,$(,*,
re,INTJ,ITJ,re,
Erdbeere$,PROPN,NE,Erdbeere$,
und,CONJ,KON,und,
",",PUNCT,"$,",",",
außerdem,ADV,PAV,außerdem,außerd
ist,AUX,VAFIN,sein,
Zora,PROPN,NE,Zora,
ja,UNK,PTKMA,ja,
meine,DET,PPOSAT,mein,
Lieblingsschülerin,NOUN,NN,Lieblingsschülerin,Lieblingsschülerin
hier,ADV,ADV,hier,hier
.,PUNCT,$.,.,
:)),UNK,EMOASC,:)),
oh,INTJ,ITJ,oh,
stoeps,PROPN,NE,stoeps,
habe,AUX,VAFIN,haben,
ich,PRON,PPER,ich,
dir,PRON,PPER,dir,
was,PRON,PIS,was,
getan,VERB,VVPP,tun,tun
?,PUNCT,$.,?,
hallo,INTJ,ITJ,hallo,
Pharao,PROPN,NE,Pharao,
:))),UNK,EMOASC,:))),
Weißpappel,NOUN,NN,Weißpappel,Weißpappel
oder,CONJ,KON,oder,
Schwarzpappel,NOUN,NN,Schwarzpappel,Schwarzpappel
?,PUNCT,$.,?,
süße,ADJ,ADJA,süß,süß
kleine,ADJ,ADJA,klein,klein
Zora,PROPN,NE,Zora,
.,PUNCT,$.,.,
hello,INTJ,ITJ,hello,
Marci,PROPN,NE,Marci,
8:),UNK,EMOASC,8:),
*,PUNCT,$(,*,
hach,INTJ,ITJ,hach,
*,PUNCT,$(,*,
Zora,PROPN,NE,Zora,
bringt,VERB,VVFIN,bringen,bringen
Lanto,PROPN,NE,Lanto,
einen,DET,ART,ein,
Apfel,NOUN,NN,Apfel,Apfel
mit,PART,PTKVZ,mit,
keine,DET,PIAT,kein,
Ahnung,NOUN,NN,Ahnung,Ahnung
",",PUNCT,"$,",",",
eine,DET,ART,ein,
die,PRON,PRELS,der,
zur,ADP,APPRART,zu,
Blütezeit,NOUN,NN,Blütezeit,Blütezeit
wohl,UNK,PTKMA,wohl,
immer,ADV,ADV,immer,immer
diese,DET,PDAT,dieser,
Berge,NOUN,NN,Berg,Berg
weißer,ADJ,ADJA,weiß,weiß
Flocken,NOUN,NN,Flocke,Flocke
von,ADP,APPR,von,
sich,PRON,PRF,sich,
wirft,VERB,VVFIN,werfen,werfen
...,PUNCT,$.,...,
und,CONJ,KON,und,
wo,ADV,PWAV,wo,wo
ist,AUX,VAFIN,sein,
ein,DET,ART,ein,
Apfel,NOUN,NN,Apfel,Apfel
für,ADP,APPR,für,
mich,PRON,PPER,mich,
??,PUNCT,$.,??,
ah,INTJ,ITJ,ah,
",",PUNCT,"$,",",",
sehr,UNK,PTKIFG,sehr,
gesund,ADJ,ADJD,gesund,gesund
.,PUNCT,$.,.,
*,PUNCT,$(,*,
freu,UNK,AKW,freu,
*,PUNCT,$(,*,
Tom,PROPN,NE,Tom,
ist,AUX,VAFIN,sein,
ja,UNK,PTKMA,ja,
immer,UNK,PTKMWL,immer,
noch,UNK,PTKMWL,noch,
da,ADV,ADV,da,da
*,PUNCT,$(,*,
Wilhelm,PROPN,NE,Wilhelm,
Busch,PROPN,NE,Busch,
zitier,UNK,AKW,zitier,
*,PUNCT,$(,*,
und,CONJ,KON,und,
vom,ADP,APPRART,von,
ganzen,ADJ,ADJA,ganz,ganz
Hühnerschmaus,NOUN,NN,Hühnerschmaus,Hühnerschmaus
schaut,VERB,VVFIN,schauen,schauen
nur,UNK,PTKIFG,nur,
noch,ADV,ADV,noch,noch
ein,DET,ART,ein,
Bein,NOUN,NN,Bein,Bein
heraus,PART,PTKVZ,heraus,
...,PUNCT,$.,...,
dann,ADV,ADV,dann,dann
ist,AUX,VAFIN,sein,
eine,DET,ART,ein,
hm,INTJ,ITJ,hm,
sie,PRON,PPER,sie,
zieht,VERB,VVFIN,ziehen,ziehen
nach,ADP,APPR,nach,
Hannover,PROPN,NE,Hannover,
",",PUNCT,"$,",",",
nicht,PART,PTKNEG,nicht,
nach,ADP,APPR,nach,
Wien,PROPN,NE,Wien,
warst,AUX,VAFIN,sein,
du,PRON,PPER,du,
vom,ADP,APPRART,von,
Zeugnis,NOUN,NN,Zeugnis,Zeugnis
überrascht,VERB,VVPP,überraschen,überraschen
das,PRON,PDS,der,
kommt,VERB,VVFIN,kommen,kommen
auf,ADP,APPR,auf,
die,DET,ART,der,
Rinde,NOUN,NN,Rinde,Rinde
drauf,ADV,PAV,drauf,drauf
an,PART,PTKVZ,an,
?,PUNCT,$.,?,
auf,ADP,APPR,auf,
Jedenfall,NOUN,NN,Jedenfall,Jedenfall
mit,ADP,APPR,mit,
einer,DET,ART,ein,
Wolke,NOUN,NN,Wolke,Wolke
schwarzer,ADJ,ADJA,schwarz,schwarz
Vögel,NOUN,NN,Vogel,Vogel
drüber,ADV,PAV,drüber,drüb
und,CONJ,KON,und,
drin,ADV,PAV,drin,drin
:-),UNK,EMOASC,:-),
:),UNK,EMOASC,:),
wie,ADV,PWAV,wie,wie
die,PRON,PDS,der,
ausschaut,VERB,VVFIN,ausschauen,ausschauen
ja,PART,PTKANT,ja,
wo,ADV,PWAV,wo,wo
ich,PRON,PPER,ich,
doch,UNK,PTKMA,doch,
kaum,DET,PIAT,kaum,
was,PRON,PIS,was,
dafür,ADV,PAV,dafür,dafür
getan,VERB,VVPP,tun,tun
habe,AUX,VAFIN,haben,
+,PUNCT,$(,+,
s,UNK,AKW,s,
*,PUNCT,$(,*,
ist,AUX,VAFIN,sein,
so,ADV,ADV,so,so
eine,DET,ART,ein,
grobe,ADJ,ADJA,grob,grob
Rinde,NOUN,NN,Rinde,Rinde
..,PUNCT,$.,..,
warum,ADV,PWAV,warum,warum
wird,AUX,VAFIN,werden,
Tom,PROPN,NE,Tom,
nicht,PART,PTKNEG,nicht,
aus,ADP,APPR,aus,
dem,DET,ART,der,
Chat,NOUN,NN,Chat,Chat
enfernt,VERB,VVPP,enfernen,enfernen
?,PUNCT,$.,?,
*,PUNCT,$(,*,
g,UNK,AKW,g,
*,PUNCT,$(,*,
Zora,PROPN,NE,Zora,
bewirbt,VERB,VVFIN,bewerben,bewerben
sich,PRON,PRF,sich,
damit,ADV,PAV,damit,damit
mal,ADV,ADV,mal,mal
um,ADP,APPR,um,
Stipendien,NOUN,NN,Stipendium,Stipendien
an,ADP,APPR,an,
den,DET,ART,der,
Unis,NOUN,NN,Uni,Uni
*,PUNCT,$(,*,
s,UNK,AKW,s,
*,PUNCT,$(,*,
kriege,VERB,VVFIN,kriegen,kriegen
ich,PRON,PPER,ich,
auch,ADV,ADV,auch,auch
ein,DET,ART,ein,
Zeugnis,NOUN,NN,Zeugnis,Zeugnis
?,PUNCT,$.,?,
die,PRON,PDS,der,
haben,AUX,VAFIN,haben,
aber,ADV,ADV,aber,aber
so,ADV,ADV,so,so
schönes,ADJ,ADJA,schön,schön
Gefieder,NOUN,NN,Gefieder,Gefieder
und,CONJ,KON,und,
sind,AUX,VAFIN,sein,
nicht,PART,PTKNEG,nicht,
dumm,ADJ,ADJD,dumm,dumm
*,PUNCT,$(,*,
lach,UNK,AKW,lach,
*,PUNCT,$(,*,
weil,SCONJ,KOUS,weil,
ich,PRON,PPER,ich,
hartnäckig,ADJ,ADJD,hartnäckig,hartnäckig
bin,AUX,VAFIN,sein,
stoeps,PROPN,NE,stoeps,
:-),UNK,EMOASC,:-),
stoeps,PROPN,NE,stoeps,
auch,ADV,ADV,auch,auch
*,PUNCT,$(,*,
g,UNK,AKW,g,
*,PUNCT,$(,*,
quaki,PROPN,NE,quaki,
bindet,VERB,VVFIN,binden,binden
Tom,PROPN,NE,Tom,
am,ADP,APPRART,an,
Chat,NOUN,NN,Chat,Chat
fest,PART,PTKVZ,fest,
*,PUNCT,$(,*,
knüpf,UNK,AKW,knüpf,
*,PUNCT,$(,*,
Zora,PROPN,NE,Zora,
bewirbt,VERB,VVFIN,bewerben,bewerben
sich,PRON,PRF,sich,
womit,ADV,PWAV,womit,womit
um,ADP,APPR,um,
Stipendien,NOUN,NN,Stipendium,Stipendien
?,PUNCT,$.,?,
einen,DET,ART,ein,
Apfel,NOUN,NN,Apfel,Apfel
?,PUNCT,$.,?,
stoeps,PROPN,NE,stoeps,
schreibt,VERB,VVFIN,schreiben,schreiben
eine,DET,ART,ein,
Beschwerde,NOUN,NN,Beschwerde,Beschwerde
an,ADP,APPR,an,
Unicum,PROPN,NE,Unicum,
nein,PART,PTKANT,nein,
mit,ADP,APPR,mit,
meinem,DET,PPOSAT,mein,
Zeugnis,NOUN,NN,Zeugnis,Zeugnis
",",PUNCT,"$,",",",
ich,PRON,PPER,ich,
bin,AUX,VAFIN,sein,
ja,UNK,PTKMA,ja,
nicht,PART,PTKNEG,nicht,
doof,ADJ,ADJD,doof,doof
!,PUNCT,$.,!,
eh,INTJ,ITJ,eh,
!,PUNCT,$.,!,
*,PUNCT,$(,*,
rupf,UNK,AKW,rupf,
",",PUNCT,"$,",",",
zerr,UNK,AKW,zerr,
",",PUNCT,"$,",",",
reiss,UNK,AKW,reiss,
",",PUNCT,"$,",",",
mich,PRON,PRF,sich,
losmach,UNK,AKW,losmach,
*,PUNCT,$(,*,
hm,INTJ,ITJ,hm,
der,DET,ART,der,
Paris,PROPN,NE,Paris,
war,AUX,VAFIN,sein,
ein,DET,ART,ein,
ganz,UNK,PTKIFG,ganz,
schön,ADJ,ADJD,schön,schön
Dämlicher,NOUN,NN,dämliche,Dämlicher
ah,INTJ,ITJ,ah,
so,ADV,ADV,so,so
*,PUNCT,$(,*,
nicht,PART,PTKNEG,nicht,
festgebunden,ADJ,ADJD,festgebunden,festgebund
sein,AUX,VAINF,sein,
mag,VERB,VMFIN,mögen,mögen
*,PUNCT,$(,*,
welches,DET,PWAT,welcher,
Zeugnis,NOUN,NN,Zeugnis,Zeugnis
?,PUNCT,$.,?,
klärt,VERB,VVFIN,klären,klären
mich,PRON,PPER,mich,
mal,UNK,PTKMA,mal,
jemand,PRON,PIS,jemand,
über,ADP,APPR,über,
den,DET,ART,der,
Sachverhalt,NOUN,NN,Sachverhalt,Sachverhalt
auf,PART,PTKVZ,auf,
?,PUNCT,$.,?,
*,PUNCT,$(,*,
nagut50cmlauflaufleine,UNK,AKW,nagut50cmlauflaufleine,
*,PUNCT,$(,*,
Thor,PROPN,NE,Thor,
tach,INTJ,ITJ,tach,
Erdbeere$,PROPN,NE,Erdbeere$,
hello,INTJ,ITJ,hello,
wie,SCONJ,KOUS,wie,
großzügig,ADJ,ADJD,großzügig,großzügig
quaki,PROPN,NE,quaki,
manchmal,ADV,ADV,manchmal,manchmal
ist,AUX,VAFIN,sein,
...,PUNCT,$.,...,
*,PUNCT,$(,*,
wart,UNK,AKW,wart,
*,PUNCT,$(,*,
kommst,VERB,VVFIN,kommen,kommen
du,PRON,PPER,du,
zum,ADP,APPRART,zu,
Ct,NOUN,NN,Ct,Ct
?,PUNCT,$.,?,
*,PUNCT,$(,*,
51,NUM,CARD,51,51
Cm,NOUN,NN,Cm,Cm
*,PUNCT,$(,*,
51,NUM,CARD,51,51
?,PUNCT,$.,?,
*,PUNCT,$(,*,
Leine,NOUN,NN,Leine,Leine
durchbeiss,UNK,AKW,durchbeiss,
*,PUNCT,$(,*,
wenn,SCONJ,KOUS,wenn,
Zora,PROPN,NE,Zora,
und,CONJ,KON,und,
Lantonie,PROPN,NE,Lantonie,
absagen,VERB,VVFIN,absagen,absagen
ja,PART,PTKANT,ja,
*,PUNCT,$(,*,
g,UNK,AKW,g,
*,PUNCT,$(,*,
ui,INTJ,ITJ,ui,
danke,PART,PTKANT,danke,
!,PUNCT,$.,!,
*,PUNCT,$(,*,
brml,UNK,AKW,brml,
*,PUNCT,$(,*,
*,PUNCT,$(,*,
neuesuch,UNK,AKW,neuesuch,
*,PUNCT,$(,*,
die,PRON,PDS,der,
haben,AUX,VAFIN,haben,
doch,UNK,PTKMA,doch,
noch,ADV,ADV,noch,noch
gar,UNK,PTKMWL,gar,
nicht,PART,PTKNEG,nicht,
zugesagt,VERB,VVPP,zusagen,zusagen
",",PUNCT,"$,",",",
oder,CONJ,KON,oder,
?,PUNCT,$.,?,
re,INTJ,ITJ,re,
Shad,PROPN,NE,Shad,
re,INTJ,ITJ,re,
Sahd,PROPN,NE,Sahd,
*,PUNCT,$(,*,
g,UNK,AKW,g,
*,PUNCT,$(,*,
Gnu,PROPN,NE,Gnu,
stoeps,PROPN,NE,stoeps,
",",PUNCT,"$,",",",
Emon,PROPN,NE,Emon,
holla,INTJ,ITJ,holla,
Shaddy,PROPN,NE,Shaddy,
:),UNK,EMOASC,:),
Emon,PROPN,NE,Emon,
:,PUNCT,$(,:,
http://mitglied.lycos.de/achtpfennig/zeugnis.jpg,UNK,URL,http://mitglied.lycos.de/achtpfennig/zeugnis.jpg,
wieso,ADV,PWAV,wieso,wieso
das,PRON,PDS,der,
denn,UNK,PTKMA,denn,
?,PUNCT,$.,?,
*,PUNCT,$(,*,
s,UNK,AKW,s,
*,PUNCT,$(,*,
heya,INTJ,ITJ,heya,
Marc30,PROPN,NE,Marc30,
;o),UNK,EMOASC,;o),
re,INTJ,ITJ,re,
Baby,NOUN,NN,Baby,Baby
hi,INTJ,ITJ,hi,
Shadok,PROPN,NE,Shadok,
*,PUNCT,$(,*,
auf,ADP,APPR,auf,
Baum,NOUN,NN,Baum,Baum
raufkletter,UNK,AKW,raufkletter,
um,SCONJ,KOUI,um,
nicht,PART,PTKNEG,nicht,
angeleint,VERB,VVPP,anleinen,angeleinen
zu,PART,PTKZU,zu,
werden,AUX,VAINF,werden,
*,PUNCT,$(,*,
http://www.cu-here.de/showchat.php3?id=69&offset=159,UNK,URL,http://www.cu-here.de/showchat.php3?id=69&offset=159,
tag,INTJ,ITJ,tag,
quaki,PROPN,NE,quaki,
Erste,NOUN,NN,Erste,Erste
!,PUNCT,$.,!,
:),UNK,EMOASC,:),
hm,INTJ,ITJ,hm,
quaki,PROPN,NE,quaki,
sucht,VERB,VVFIN,suchen,suchen
ein,DET,ART,ein,
M,NOUN,NN,M,M
*,PUNCT,$(,*,
g,UNK,AKW,g,
*,PUNCT,$(,*,
Baum,NOUN,NN,Baum,Baum
=,PUNCT,$(,=,
Baum,NOUN,NN,Baum,Baum
*,PUNCT,$(,*,
ts,INTJ,ITJ,ts,
*,PUNCT,$(,*,
*,PUNCT,$(,*,
Fleißsternchen,NOUN,NN,Fleißsternchen,Fleißsternchen
aufkleb,UNK,AKW,aufkleb,
*,PUNCT,$(,*,
Leinbaum,NOUN,NN,Leinbaum,Leinbaum
Shadok,PROPN,NE,Shadok,
schenkt,VERB,VVFIN,schenken,schenken
quaki,PROPN,NE,quaki,
ein,DET,ART,ein,
M,NOUN,NN,M,M
hallo,INTJ,ITJ,hallo,
Shadok,PROPN,NE,Shadok,
.,PUNCT,$.,.,
weiß,VERB,VVFIN,wissen,wissen
jetzt,ADV,ADV,jetzt,jetzt
jemand,PRON,PIS,jemand,
was,PRON,PWS,was,
Umzugsunternehmen,NOUN,NN,Umzugsunternehmen,Umzugsunternehmen
so,UNK,PTKMA,so,
kosten,VERB,VVFIN,kosten,kosten
?,PUNCT,$.,?,
danke,PART,PTKANT,danke,
Shadok,PROPN,NE,Shadok,
bitte,PART,PTKANT,bitte,
schön,ADJ,ADJD,schön,schön
.,PUNCT,$.,.,
heya,INTJ,ITJ,heya,
Lanto,PROPN,NE,Lanto,
;o),UNK,EMOASC,;o),
;O),UNK,EMOASC,;O),
Geld,NOUN,NN,Geld,Geld
Zora,PROPN,NE,Zora,
*,PUNCT,$(,*,
Zora,PROPN,NE,Zora,
teuer,ADJ,ADJD,teuer,teuer
.,PUNCT,$.,.,
geht,VERB,VVFIN,gehen,gehen
nicht,PART,PTKNEG,nicht,
selber,ADV,ADV,selber,selber
machen,VERB,VVINF,machen,machen
mit,ADP,APPR,mit,
Mietwagen,NOUN,NN,Mietwagen,Mietwagen
?,PUNCT,$.,?,
meistens,ADV,ADV,meistens,meistens
Euro,NOUN,NN,Euro,Euro
;o),UNK,EMOASC,;o),
verdammt,ADJ,ADJD,verdammt,verdammt
",",PUNCT,"$,",",",
das,PRON,PDS,der,
habe,AUX,VAFIN,haben,
ich,PRON,PPER,ich,
befürchtet,VERB,VVPP,befürchten,befürchten
Shaddy,PROPN,NE,Shaddy,
:P,UNK,EMOASC,:P,
ich,PRON,PPER,ich,
hatte,AUX,VAFIN,haben,
erst,ADV,ADV,erst,erst
Zweifel,NOUN,NN,Zweifel,Zweifel
",",PUNCT,"$,",",",
ob,SCONJ,KOUS,ob,
du,PRON,PPER,du,
überhaupt,UNK,PTKMA,überhaupt,
ein,DET,ART,ein,
Zeugnis,NOUN,NN,Zeugnis,Zeugnis
willst,VERB,VMFIN,wollen,wollen
.,PUNCT,$.,.,
immer,ADV,ADV,immer,immer
bewerte,VERB,VVFIN,bewerten,bewerten
ich,PRON,PPER,ich,
dich,PRON,PPER,dich,
dann,ADV,ADV,dann,dann
ja,UNK,PTKMA,ja,
.,PUNCT,$.,.,
:O),UNK,EMOASC,:O),
lass,VERB,VVIMP,lassen,lassen
es,PRON,PPER,es,
lieber,ADV,ADV,lieber,lieber
Zor,PROPN,NE,Zor,
k.A.,NOUN,NN,k.A.,K.A.
was,PRON,PWS,was,
das,PRON,PDS,der,
kostet,VERB,VVFIN,kosten,kosten
aber,ADV,ADV,aber,aber
",",PUNCT,"$,",",",
ich,PRON,PPER,ich,
dachte,VERB,VVFIN,denken,denken
",",PUNCT,"$,",",",
du,PRON,PPER,du,
hältst,VERB,VVFIN,halten,halten
das,PRON,PDS,der,
schon,UNK,PTKMA,schon,
aus,PART,PTKVZ,aus,
.,PUNCT,$.,.,
*,PUNCT,$(,*,
tapfere,ADJ,ADJA,tapfer,tapfer
kleine,ADJ,ADJA,klein,klein
zora,PROPN,NE,zora,
*,PUNCT,$(,*,
quaki,PROPN,NE,quaki,
wüsste,VERB,VVFIN,wissen,wissen
nicht,PART,PTKNEG,nicht,
wo,ADV,PWAV,wo,wo
sie,PRON,PPER,sie,
hinziehen,VERB,VVINF,hinziehen,hinziehen
sollte,VERB,VMFIN,sollen,sollen
Unternehmen,NOUN,NN,Unternehmen,Unternehmen
???,PUNCT,$.,???,
eigentlich,ADJ,ADJD,eigentlich,eigentlich
kostet,VERB,VVFIN,kosten,kosten
sowas,PRON,PIS,sowas,
die,DET,ART,der,
Miete,NOUN,NN,Miete,Miete
für,ADP,APPR,für,
einen,DET,ART,ein,
Lkw,NOUN,NN,Lkw,Lkw
für,ADP,APPR,für,
einen,DET,ART,ein,
Tag,NOUN,NN,Tag,Tag
und,CONJ,KON,und,
Verköstigung,NOUN,NN,Verköstigung,Verköstigung
für,ADP,APPR,für,
einen,DET,ART,ein,
Haufen,NOUN,NN,Haufen,Haufen
helfender,ADJ,ADJA,helfend,helfend
Freunde,NOUN,NN,Freund,Freund
@zora,UNK,ADR,@zora,
Bochum,PROPN,NE,Bochum,
-,PUNCT,$(,-,
Münster,PROPN,NE,Münster,
ohne,ADP,APPR,ohne,
Küche,NOUN,NN,Küche,Küche
3500,NUM,CARD,3500,3500
Euro,NOUN,NN,Euro,Euro
..,PUNCT,$.,..,
der,DET,ART,der,
Mietwagen,NOUN,NN,Mietwagen,Mietwagen
kostet,VERB,VVFIN,kosten,kosten
auf,ADP,APPR,auf,
die,DET,ART,der,
Entfernung,NOUN,NN,Entfernung,Entfernung
schon,ADV,ADV,schon,schon
ein,DET,ART,ein,
Vermögen,NOUN,NN,Vermögen,Vermögen
uffz,INTJ,ITJ,uffz,
Bochum,PROPN,NE,Bochum,
am,PART,PTKA,am,
besten,ADJ,ADJD,gut,gut
nach,ADP,APPR,nach,
Deutschland,PROPN,NE,Deutschland,
quaki,PROPN,NE,quaki,
ist,AUX,VAFIN,sein,
nicht,PART,PTKNEG,nicht,
soweit,ADV,ADV,soweit,soweit
weg,ADV,ADV,weg,weg
aber,CONJ,KON,aber,
sicher,ADJ,ADJD,sicher,sicher
billiger,ADJ,ADJD,billig,billig
als,CONJ,KOKOM,als,
eine,DET,ART,ein,
Firma,NOUN,NN,Firma,Firma
ja,PART,PTKANT,ja,
",",PUNCT,"$,",",",
auf,ADP,APPR,auf,
Jedenfall,NOUN,NN,Jedenfall,Jedenfall
!,PUNCT,$.,!,
sowas,PRON,PIS,sowas,
wb,INTJ,ITJ,wb,
stoeps,PROPN,NE,stoeps,
Wagen,NOUN,NN,Wagen,Wagen
von,ADP,APPR,von,
InterRent,PROPN,NE,InterRent,
und,CONJ,KON,und,
ein,DET,ART,ein,
paar,DET,PIDAT,paar,
Leute,NOUN,NN,Leute,Leute
zum,ADP,APPRART,zu,
Anpacken,NOUN,NN,anpacken,Anpacken
*,PUNCT,$(,*,
brml,UNK,AKW,brml,
*,PUNCT,$(,*,
ja,PART,PTKANT,ja,
Pharao,PROPN,NE,Pharao,
zora,PROPN,NE,zora,
ist,AUX,VAFIN,sein,
hoch,UNK,PTKIFG,hoch,
kreativ,ADJ,ADJD,kreativ,kreativ
!,PUNCT,$.,!,
re,INTJ,ITJ,re,
stoeps,PROPN,NE,stoeps,
...,PUNCT,$.,...,
was,PRON,PWS,was,
ihr,PRON,PPER,ihr,
alles,PRON,PIS,alle,
so,UNK,PTKMA,so,
einfällt,VERB,VVFIN,einfallen,einfallen
",",PUNCT,"$,",",",
da,ADV,PAV,da,da
kommt,VERB,VVFIN,kommen,kommen
kein,DET,PIAT,kein,
Mensch,NOUN,NN,Mensch,Mensch
drauf,ADV,PAV,drauf,drauf
.,PUNCT,$.,.,
hi,INTJ,ITJ,hi,
Asja,PROPN,NE,Asja,
quaki,PROPN,NE,quaki,
fragt,VERB,VVFIN,fragen,fragen
sich,PRON,PRF,sich,
wie,ADV,PWAV,wie,wie
sie,PRON,PPER,sie,
mit,ADP,APPR,mit,
Augenschaden,NOUN,NN,Augenschaden,Augenschaden
den,DET,ART,der,
Nachmittag,NOUN,NN,Nachmittag,Nachmittag
überstehen,VERB,VVINF,überstehen,überstehen
soll,VERB,VMFIN,sollen,sollen
re,INTJ,ITJ,re,
stoeps,PROPN,NE,stoeps,
.,PUNCT,$.,.,
heyho,INTJ,ITJ,heyho,
Asja,PROPN,NE,Asja,
hello,INTJ,ITJ,hello,
Asja,PROPN,NE,Asja,
ich,PRON,PPER,ich,
wollte,VERB,VMFIN,wollen,wollen
ja,UNK,PTKMA,ja,
vergleichen,VERB,VVINF,vergleichen,vergleichen
Tom,PROPN,NE,Tom,
weils,UNK,KOUSPPER,weil,
eh,UNK,PTKMA,eh,
so,ADV,ADV,so,so
teuer,ADJ,ADJD,teuer,teuer
ist,AUX,VAFIN,sein,
wenn,SCONJ,KOUS,wenn,
das,PRON,PDS,der,
keinen,DET,PIAT,kein,
so,ADV,ADV,so,so
großen,ADJ,ADJA,groß,groß
Unterschied,NOUN,NN,Unterschied,Unterschied
macht,VERB,VVFIN,machen,machen
wärs,UNK,VAPPER,sein,
ja,UNK,PTKMA,ja,
mal,UNK,PTKMA,mal,
drin,ADV,PAV,drin,drin
am,PART,PTKA,am,
besten,ADJ,ADJD,gut,gut
welche,PRON,PDS,welcher,
was,DET,PIAT,was,
Handwerkliches,NOUN,NN,handwerkliche,Handwerkliches
machen,VERB,VVFIN,machen,machen
hallo,INTJ,ITJ,hallo,
Tom,PROPN,NE,Tom,
:),UNK,EMOASC,:),
re,INTJ,ITJ,re,
hi,INTJ,ITJ,hi,
Marc,PROPN,NE,Marc,
:),UNK,EMOASC,:),
huhu,INTJ,ITJ,huhu,
Frau,NOUN,NN,Frau,Frau
Erdbeere$,PROPN,NE,Erdbeere$,
*,PUNCT,$(,*,
drück,UNK,AKW,drück,
*,PUNCT,$(,*,
und,CONJ,KON,und,
nimm,VERB,VVIMP,nehmen,nehmen
nicht,PART,PTKNEG,nicht,
den,DET,ART,der,
billigsten,ADJ,ADJA,billig,billig
nicht,PART,PTKNEG,nicht,
chatten,VERB,VVINF,chatten,chaten
quaki,PROPN,NE,quaki,
?,PUNCT,$.,?,
;o),UNK,EMOASC,;o),
Bochum,PROPN,NE,Bochum,
in,ADP,APPR,in,
den,DET,ART,der,
Kleiderkasten,NOUN,NN,Kleiderkasten,Kleiderkasten
schick,UNK,AKW,schick,
zum,ADP,APPRART,zu,
Umziehen,NOUN,NN,umziehen,Umziehen
*,PUNCT,$(,*,
mitdrück,UNK,AKW,mitdrück,
*,PUNCT,$(,*,
naja,INTJ,ITJ,naja,
",",PUNCT,"$,",",",
auf,ADP,APPR,auf,
das,PRON,PDS,der,
was,PRON,PRELS,wer,
mir,PRON,PPER,mir,
so,UNK,PTKMA,so,
einfällt,VERB,VVFIN,einfallen,einfallen
kommt,VERB,VVFIN,kommen,kommen
auch,ADV,ADV,auch,auch
meist,ADV,ADV,meist,meist
keine,DET,PIAT,kein,
Sau,NOUN,NN,Sau,Sau
drauf,PART,PTKVZ,drauf,
*,PUNCT,$(,*,
g,UNK,AKW,g,
*,PUNCT,$(,*,
