,token,tag,tag_STTS,lemma_gold,baseline
0,das,DET,ART,der,das
1,Vokabular,NOUN,NN,Vokabular,Vokabular
2,des,DET,ART,der,des
3,Esperanto,PROPN,NE,Esperanto,Esperanto
4,besteht,VERB,VVFIN,bestehen,besteht
5,zum,ADP,APPRART,zu,zum
6,großen,ADJ,ADJA,groß,großen
7,Teil,NOUN,NN,Teil,Teil
8,aus,ADP,APPR,aus,aus
9,Entlehnungen,NOUN,NN,Entlehnung,Entlehnungen
10,aus,ADP,APPR,aus,aus
11,romanischen,ADJ,ADJA,romanisch,romanischen
12,Sprachen,NOUN,NN,Sprache,Sprachen
13,",",PUNCT,"$,",",",","
14,ein,DET,ART,ein,ein
15,Teil,NOUN,NN,Teil,Teil
16,lässt,VERB,VVFIN,lassen,lässt
17,sich,PRON,PRF,sich,sich
18,aber,ADV,ADV,aber,aber
19,auch,ADV,ADV,auch,auch
20,auf,ADP,APPR,auf,auf
21,germanische,ADJ,ADJA,germanisch,germanische
22,und,CONJ,KON,und,und
23,slawische,ADJ,ADJA,slawisch,slawische
24,Ursprünge,NOUN,NN,Ursprung,Ursprünge
25,zurückführen,VERB,VVINF,zurückführen,zurückführen
26,.,PUNCT,$.,.,.
27,zur,ADP,APPRART,zu,zur
28,leichten,ADJ,ADJA,leicht,leichten
29,Erlernbarkeit,NOUN,NN,Erlernbarkeit,Erlernbarkeit
30,setze,VERB,VVFIN,setzen,setze
31,Zamenhof,PROPN,NE,Zamenhof,Zamenhof
32,auf,ADP,APPR,auf,auf
33,strenge,ADJ,ADJA,streng,strenge
34,Regularitäten,NOUN,NN,Regularität,Regularitäten
35,",",PUNCT,"$,",",",","
36,z.,ADP,APPRART,z.,z.
37,B.,NOUN,NN,B.,B.
38,eine,DET,ART,ein,eine
39,phonematische,ADJ,ADJA,phonematisch,phonematische
40,Schriftweise,NOUN,NN,Schriftweise,Schriftweise
41,(,PUNCT,$(,(,(
42,jedem,DET,PIAT,jeder,jedem
43,Laut,NOUN,NN,Laut,Laut
44,wird,AUX,VAFIN,werden,wird
45,genau,ADJ,ADJD,genau,genau
46,ein,NUM,CARD,ein,ein
47,Schriftzeichen,NOUN,NN,Schriftzeichen,Schriftzeichen
48,zugeordnet,VERB,VVPP,zuordnen,zugeordnet
49,bzw.,CONJ,KON,bzw.,bzw.
50,linguistisch,ADJ,ADJD,linguistisch,linguistisch
51,korrekt,ADJ,ADJD,korrekt,korrekt
52,:,PUNCT,$.,:,:
53,jedem,DET,PIAT,jeder,jedem
54,Phonem,NOUN,NN,Phonem,Phonem
55,entspricht,VERB,VVFIN,entsprechen,entspricht
56,genau,ADJ,ADJD,genau,genau
57,ein,NUM,CARD,ein,ein
58,Graphem,NOUN,NN,Graphem,Graphem
59,),PUNCT,$(,),)
60,;,PUNCT,$.,;,;
61,die,DET,ART,der,die
62,Wortbildung,NOUN,NN,Wortbildung,Wortbildung
63,ist,AUX,VAFIN,sein,ist
64,an,ADP,APPR,an,an
65,agglutinierende,ADJ,ADJA,agglutinierend,agglutinierende
66,Sprachen,NOUN,NN,Sprache,Sprachen
67,(,PUNCT,$(,(,(
68,z.,ADP,APPRART,z.,z.
69,B.,NOUN,NN,B.,B.
70,Türkisch,NOUN,NN,Türkisch,Türkisch
71,),PUNCT,$(,),)
72,angelehnt,ADJ,ADJD,anlehnen,angelehnt
73,",",PUNCT,"$,",",",","
74,wo,ADV,PWAV,wo,wo
75,Sinneinheiten,NOUN,NN,Sinneinheit,Sinneinheiten
76,(,PUNCT,$(,(,(
77,linguistisch,ADJ,ADJD,linguistisch,linguistisch
78,:,PUNCT,$.,:,:
79,sprachlichen,ADJ,ADJA,sprachlich,sprachlichen
80,Konzepten,NOUN,NN,Konzept,Konzepten
81,),PUNCT,$(,),)
82,eindeutige,ADJ,ADJA,eindeutig,eindeutige
83,Wortbestandteile,NOUN,NN,Wortbestandteil,Wortbestandteile
84,(,PUNCT,$(,(,(
85,linguistisch,ADJ,ADJD,linguistisch,linguistisch
86,:,PUNCT,$.,:,:
87,Morpheme,NOUN,NN,Morphem,Morpheme
88,),PUNCT,$(,),)
89,zugeordnet,VERB,VVPP,zuordnen,zugeordnet
90,sind,AUX,VAFIN,sein,sind
91,.,PUNCT,$.,.,.
92,so,ADV,ADV,so,so
93,ist,AUX,VAFIN,sein,ist
94,ein,DET,ART,ein,ein
95,Wort,NOUN,NN,Wort,Wort
96,",",PUNCT,"$,",",",","
97,das,PRON,PRELS,der,das
98,auf,ADP,APPR,auf,auf
99,-o,X,XY,-o,-o
100,endet,VERB,VVFIN,enden,endet
101,",",PUNCT,"$,",",",","
102,immer,ADV,ADV,immer,immer
103,ein,DET,ART,ein,ein
104,Substantiv,NOUN,NN,Substantiv,Substantiv
105,",",PUNCT,"$,",",",","
106,eines,PRON,PIS,einer,eines
107,auf,ADP,APPR,auf,auf
108,-a,X,XY,-a,-a
109,immer,ADV,ADV,immer,immer
110,ein,DET,ART,ein,ein
111,Adjektiv,NOUN,NN,Adjektiv,Adjektiv
112,.,PUNCT,$.,.,.
113,durch,ADP,APPR,durch,durch
114,Anhängen,NOUN,NN,anhängen,Anhängen
115,von,ADP,APPR,von,von
116,-j,X,XY,-j,-j
117,kann,VERB,VMFIN,können,kann
118,man,PRON,PIS,man,man
119,den,DET,ART,der,den
120,Plural,NOUN,NN,Plural,Plural
121,bilden,VERB,VVINF,bilden,bilden
122,",",PUNCT,"$,",",",","
123,durch,ADP,APPR,durch,durch
124,Vorsetzen,NOUN,NN,vorsetzen,Vorsetzen
125,von,ADP,APPR,von,von
126,mal-,X,TRUNC,mal,mal-
127,verneinen,VERB,VVINF,verneinen,verneinen
128,:,PUNCT,$.,:,:
129,bela,X,FM,bela,bela
130,blogo,X,FM,blogo,blogo
131,–,PUNCT,$(,–,–
132,der,DET,ART,der,der
133,schöne,ADJ,ADJA,schön,schöne
134,Blog,NOUN,NN,Blog,Blog
135,malbenaj,X,FM,malbenaj,malbenaj
136,blogoj,X,FM,blogoj,blogoj
137,–,PUNCT,$(,–,–
138,die,DET,ART,der,die
139,nicht,PART,PTKNEG,nicht,nicht
140,schönen,ADJ,ADJA,schön,schönen
141,Blogs,NOUN,NN,Blog,Blogs
142,bediente,VERB,VVFIN,bedienen,bediente
143,sich,PRON,PRF,sich,sich
144,also,ADV,ADV,also,also
145,des,DET,ART,der,des
146,Vokabulars,NOUN,NN,Vokabular,Vokabulars
147,verschiedener,ADJ,ADJA,verschieden,verschiedener
148,natürlicher,ADJ,ADJA,natürlich,natürlicher
149,Sprachen,NOUN,NN,Sprache,Sprachen
150,und,CONJ,KON,und,und
151,versuchte,VERB,VVFIN,versuchen,versuchte
152,",",PUNCT,"$,",",",","
153,die,DET,ART,der,die
154,Grammatik,NOUN,NN,Grammatik,Grammatik
155,weitestgehend,ADJ,ADJD,weitestgehend,weitestgehend
156,zu,PART,PTKZU,zu,zu
157,systematisieren,VERB,VVINF,systematisieren,systematisieren
158,.,PUNCT,$.,.,.
159,solche,DET,PIAT,solcher,solche
160,artifiziellen,ADJ,ADJA,artifiziell,artifiziellen
161,Sprachkonstrukte,NOUN,NN,Sprachkonstrukt,Sprachkonstrukte
162,",",PUNCT,"$,",",",","
163,die,PRON,PRELS,der,die
164,sich,PRON,PRF,sich,sich
165,an,ADP,APPR,an,an
166,natürlichsprachlichen,ADJ,ADJA,natürlichsprachlich,natürlichsprachlichen
167,Vorbildern,NOUN,NN,Vorbild,Vorbildern
168,orientieren,VERB,VVFIN,orientieren,orientieren
169,",",PUNCT,"$,",",",","
170,nennt,VERB,VVFIN,nennen,nennt
171,man,PRON,PIS,man,man
172,auch,ADV,ADV,auch,auch
173,Plansprachen,NOUN,NN,Plansprache,Plansprachen
174,a,X,FM,a,a
175,posteriori,X,FM,posteriori,posteriori
176,.,PUNCT,$.,.,.
177,sie,PRON,PPER,sie,sie
178,werden,AUX,VAFIN,werden,werden
179,unterschieden,VERB,VVPP,unterscheiden,unterschieden
180,2,NUM,CARD,2,2
181,von,ADP,APPR,von,von
182,Plansprachen,NOUN,NN,Plansprache,Plansprachen
183,a,X,FM,a,a
184,priori,X,FM,priori,priori
185,",",PUNCT,"$,",",",","
186,die,PRON,PRELS,der,die
187,sich,PRON,PRF,sich,sich
188,in,ADP,APPR,in,in
189,erster,ADJ,ADJA,erster,erster
190,Linie,NOUN,NN,Linie,Linie
191,an,ADP,APPR,an,an
192,anderen,ADJ,ADJA,anderer,anderen
193,Konzepten,NOUN,NN,Konzept,Konzepten
194,(,PUNCT,$(,(,(
195,z.,ADP,APPRART,z.,z.
196,B.,NOUN,NN,B.,B.
197,Logik,NOUN,NN,Logik,Logik
198,",",PUNCT,"$,",",",","
199,Kategorienlehre,NOUN,NN,Kategorienlehre,Kategorienlehre
200,),PUNCT,$(,),)
201,anlehnen,VERB,VVFIN,anlehnen,anlehnen
202,.,PUNCT,$.,.,.
203,a-priori-Plansprachen,NOUN,NN,a-priori-Plansprache,a-priori-Plansprachen
204,können,VERB,VMFIN,können,können
205,u.,ADP,APPR,u.,u.
206,a.,PRON,PIS,a.,a.
207,philosophisch,ADJ,ADJD,philosophisch,philosophisch
208,inspiriert,ADJ,ADJD,inspiriert,inspiriert
209,sein,AUX,VAINF,sein,sein
210,",",PUNCT,"$,",",",","
211,wenn,SCONJ,KOUS,wenn,wenn
212,z.,ADP,APPRART,z.,z.
213,B.,NOUN,NN,B.,B.
214,die,DET,ART,der,die
215,natürliche,ADJ,ADJA,natürlich,natürliche
216,Ordnung,NOUN,NN,Ordnung,Ordnung
217,der,DET,ART,der,der
218,Dinge,NOUN,NN,Ding,Dinge
219,in,ADP,APPR,in,in
220,der,DET,ART,der,der
221,Sprache,NOUN,NN,Sprache,Sprache
222,widergespiegelt,VERB,VVPP,widerspiegeln,widergespiegelt
223,werden,AUX,VAINF,werden,werden
224,soll,VERB,VMFIN,sollen,soll
225,.,PUNCT,$.,.,.
226,einen,DET,ART,ein,einen
227,solchen,DET,PIAT,solcher,solchen
228,Ordungsversuch,NOUN,NN,Ordungsversuch,Ordungsversuch
229,unternimmt,VERB,VVFIN,unternehmen,unternimmt
230,etwa,ADV,ADV,etwa,etwa
231,der,DET,ART,der,der
232,anglikanische,ADJ,ADJA,anglikanisch,anglikanische
233,Geistliche,NOUN,NN,geistliche,Geistliche
234,und,CONJ,KON,und,und
235,Naturphilosoph,NOUN,NN,Naturphilosoph,Naturphilosoph
236,John,PROPN,NE,John,John
237,Wilkins,PROPN,NE,Wilkins,Wilkins
238,",",PUNCT,"$,",",",","
239,niedergelegt,VERB,VVPP,niederlegen,niedergelegt
240,in,ADP,APPR,in,in
241,seinem,DET,PPOSAT,sein,seinem
242,“,PUNCT,$(,“,“
243,Essay,X,FM,Essay,Essay
244,towards,X,FM,towards,towards
245,a,X,FM,a,a
246,Real,X,FM,Real,Real
247,Character,X,FM,Character,Character
248,and,X,FM,and,and
249,a,X,FM,a,a
250,Philosophical,X,FM,Philosophical,Philosophical
251,Language,X,FM,Language,Language
252,”,PUNCT,$(,”,”
253,von,ADP,APPR,von,von
254,1668,NUM,CARD,1668,1668
255,.,PUNCT,$.,.,.
256,3,NUM,CARD,3,3
257,dafür,ADV,PAV,dafür,dafür
258,musste,VERB,VMFIN,müssen,musste
259,er,PRON,PPER,er,er
260,zunächst,ADV,ADV,zunächst,zunächst
261,grundlegende,ADJ,ADJA,grundlegend,grundlegende
262,Begriffsvorstellungen,NOUN,NN,Begriffsvorstellung,Begriffsvorstellungen
263,klassifizieren,VERB,VVINF,klassifizieren,klassifizieren
264,.,PUNCT,$.,.,.
265,für,ADP,APPR,für,für
266,diese,DET,PDAT,dieser,diese
267,klassifizierten,ADJ,ADJA,klassifiziert,klassifizierten
268,Grundideen,NOUN,NN,Grundidee,Grundideen
269,entwickelt,VERB,VVFIN,entwickeln,entwickelt
270,er,PRON,PPER,er,er
271,eine,DET,ART,ein,eine
272,Begriffsschrift,NOUN,NN,Begriffsschrift,Begriffsschrift
273,",",PUNCT,"$,",",",","
274,bei,ADP,APPR,bei,bei
275,der,PRON,PRELS,der,der
276,Grundkonzepte,NOUN,NN,Grundkonzept,Grundkonzepte
277,aus,ADP,APPR,aus,aus
278,wenigen,DET,PIAT,weniger,wenigen
279,Linien,NOUN,NN,Linie,Linien
280,bestehen,VERB,VVFIN,bestehen,bestehen
281,",",PUNCT,"$,",",",","
282,Untergattungen,NOUN,NN,Untergattung,Untergattungen
283,dann,ADV,ADV,dann,dann
284,jeweils,ADV,ADV,jeweils,jeweils
285,noch,ADV,ADV,noch,noch
286,weitere,ADJ,ADJA,weit,weitere
287,Striche,NOUN,NN,Strich,Striche
288,hinzufügen,VERB,VVFIN,hinzufügen,hinzufügen
289,.,PUNCT,$.,.,.
290,daraus,ADV,PAV,daraus,daraus
291,resultiert,VERB,VVFIN,resultieren,resultiert
292,",",PUNCT,"$,",",",","
293,dass,SCONJ,KOUS,dass,dass
294,ähnliche,ADJ,ADJA,ähnlich,ähnliche
295,Konzepten,NOUN,NN,Konzept,Konzepten
296,(,PUNCT,$(,(,(
297,die,PRON,PRELS,der,die
298,aus,ADP,APPR,aus,aus
299,den,DET,ART,der,den
300,gleichen,ADJ,ADJA,gleich,gleichen
301,Obergattungen,NOUN,NN,Obergattung,Obergattungen
302,abgeleitet,VERB,VVPP,ableiten,abgeleitet
303,sind,AUX,VAFIN,sein,sind
304,),PUNCT,$(,),)
305,ähnliche,ADJ,ADJA,ähnlich,ähnliche
306,Schriftzeichen,NOUN,NN,Schriftzeichen,Schriftzeichen
307,zugeordnet,VERB,VVPP,zuordnen,zugeordnet
308,werden,AUX,VAFIN,werden,werden
309,.,PUNCT,$.,.,.
310,in,ADP,APPR,in,in
311,der,DET,ART,der,der
312,Übersetzung,NOUN,NN,Übersetzung,Übersetzung
313,des,DET,ART,der,des
314,Vater,PROPN,NE,Vater,Vater
315,Unsers,PROPN,NE,Unser,Unsers
316,(,PUNCT,$(,(,(
317,Abbildung,NOUN,NN,Abbildung,Abbildung
318,unten,ADV,ADV,unten,unten
319,),PUNCT,$(,),)
320,ist,AUX,VAFIN,sein,ist
321,zu,PART,PTKZU,zu,zu
322,sehen,VERB,VVINF,sehen,sehen
323,",",PUNCT,"$,",",",","
324,dass,SCONJ,KOUS,dass,dass
325,sich,PRON,PRF,sich,sich
326,“,PUNCT,$(,“,“
327,Earth,X,FM,Earth,Earth
328,”,PUNCT,$(,”,”
329,(,PUNCT,$(,(,(
330,Zeichen,NOUN,NN,Zeichen,Zeichen
331,21,NUM,CARD,21,21
332,),PUNCT,$(,),)
333,von,ADP,APPR,von,von
334,“,PUNCT,$(,“,“
335,Heaven,X,FM,Heaven,Heaven
336,”,PUNCT,$(,”,”
337,(,PUNCT,$(,(,(
338,24,NUM,CARD,24,24
339,),PUNCT,$(,),)
340,nur,UNK,PTKIFG,nur,nur
341,durch,ADP,APPR,durch,durch
342,einen,DET,ART,ein,einen
343,zusätzlichen,ADJ,ADJA,zusätzlich,zusätzlichen
344,Querstrich,NOUN,NN,Querstrich,Querstrich
345,rechts,ADV,ADV,rechts,rechts
346,am,ADP,APPRART,an,am
347,Zeichen,NOUN,NN,Zeichen,Zeichen
348,unterscheidet,VERB,VVFIN,unterscheiden,unterscheidet
349,.,PUNCT,$.,.,.
350,beide,PRON,PIS,beide,beide
351,sind,AUX,VAFIN,sein,sind
352,aus,ADP,APPR,aus,aus
353,dem,DET,ART,der,dem
354,Zeichen,NOUN,NN,Zeichen,Zeichen
355,für,ADP,APPR,für,für
356,“,PUNCT,$(,“,“
357,World,X,FM,World,World
358,”,PUNCT,$(,”,”
359,",",PUNCT,"$,",",",","
360,das,PRON,PRELS,der,das
361,ähnlich,ADJ,ADJD,ähnlich,ähnlich
362,wie,CONJ,KOKOM,wie,wie
363,ein,DET,ART,ein,ein
364,Additionszeichen,NOUN,NN,Additionszeichen,Additionszeichen
365,(,PUNCT,$(,(,(
366,+,PUNCT,$(,+,+
367,),PUNCT,$(,),)
368,aussieht,VERB,VVFIN,aussehen,aussieht
369,",",PUNCT,"$,",",",","
370,abgeleitet,VERB,VVPP,ableiten,abgeleitet
371,.,PUNCT,$.,.,.
372,“,PUNCT,$(,“,“
373,Power,X,FM,Power,Power
374,”,PUNCT,$(,”,”
375,(,PUNCT,$(,(,(
376,71,NUM,CARD,71,71
377,),PUNCT,$(,),)
378,und,CONJ,KON,und,und
379,“,PUNCT,$(,“,“
380,Glory,X,FM,Glory,Glory
381,”,PUNCT,$(,”,”
382,(,PUNCT,$(,(,(
383,74,NUM,CARD,74,74
384,),PUNCT,$(,),)
385,sind,AUX,VAFIN,sein,sind
386,",",PUNCT,"$,",",",","
387,nach,ADP,APPR,nach,nach
388,ihren,DET,PPOSAT,ihr,ihren
389,Zeichenkörpern,NOUN,NN,Zeichenkörper,Zeichenkörpern
390,zu,PART,PTKZU,zu,zu
391,urteilen,VERB,VVINF,urteilen,urteilen
392,",",PUNCT,"$,",",",","
393,ebenfalls,ADV,ADV,ebenfalls,ebenfalls
394,verwandte,ADJ,ADJA,verwandt,verwandte
395,Konzepte,NOUN,NN,Konzept,Konzepte
396,für,ADP,APPR,für,für
397,Wilkins,PROPN,NE,Wilkins,Wilkins
398,",",PUNCT,"$,",",",","
399,wie,CONJ,KOKOM,wie,wie
400,auch,ADV,ADV,auch,auch
401,(,PUNCT,$(,(,(
402,etwas,ADV,ADV,etwas,etwas
403,etwas,ADV,ADV,etwas,etwas
404,weiter,ADJ,ADJD,weit,weiter
405,voneinander,ADV,ADV,voneinander,voneinander
406,entfernt,ADJ,ADJD,entfernt,entfernt
407,),PUNCT,$(,),)
408,“,PUNCT,$(,“,“
409,trespass,X,FM,trespass,trespass
410,”,PUNCT,$(,”,”
411,(,PUNCT,$(,(,(
412,50,NUM,CARD,50,50
413,),PUNCT,$(,),)
414,und,CONJ,KON,und,und
415,“,PUNCT,$(,“,“
416,evil,X,FM,evil,evil
417,”,PUNCT,$(,”,”
418,(,PUNCT,$(,(,(
419,65,NUM,CARD,65,65
420,),PUNCT,$(,),)
421,.,PUNCT,$.,.,.
422,von,ADP,APPR,von,von
423,Heinz,PROPN,NE,Heinz,Heinz
424,Pampel,PROPN,NE,Pampel,Pampel
425,erfreulicherweise,ADV,ADV,erfreulicherweise,erfreulicherweise
426,wollen,VERB,VMFIN,wollen,wollen
427,CDU,PROPN,NE,CDU,CDU
428,",",PUNCT,"$,",",",","
429,CSU,PROPN,NE,CSU,CSU
430,und,CONJ,KON,und,und
431,SPD,PROPN,NE,SPD,SPD
432,in,ADP,APPR,in,in
433,dieser,DET,PDAT,dieser,dieser
434,Legislaturperiode,NOUN,NN,Legislaturperiode,Legislaturperiode
435,wichtige,ADJ,ADJA,wichtig,wichtige
436,Rahmenbedingungen,NOUN,NN,Rahmenbedingung,Rahmenbedingungen
437,für,ADP,APPR,für,für
438,einen,DET,ART,ein,einen
439,zeitgemäßen,ADJ,ADJA,zeitgemäß,zeitgemäßen
440,Umgang,NOUN,NN,Umgang,Umgang
441,mit,ADP,APPR,mit,mit
442,wissenschaftlicher,ADJ,ADJA,wissenschaftlich,wissenschaftlicher
443,Information,NOUN,NN,Information,Information
444,schaffen,VERB,VVINF,schaffen,schaffen
445,.,PUNCT,$.,.,.
446,im,ADP,APPRART,in,im
447,heute,ADV,ADV,heute,heute
448,vorgestellten,ADJ,ADJA,vorgestellt,vorgestellten
449,Koalitionsvertrag,NOUN,NN,Koalitionsvertrag,Koalitionsvertrag
450,(,PUNCT,$(,(,(
451,PDF,NOUN,NN,PDF,PDF
452,),PUNCT,$(,),)
453,heißt,VERB,VVFIN,heißen,heißt
454,es,PRON,PPER,es,es
455,:,PUNCT,$.,:,:
456,„,PUNCT,$(,„,„
457,wir,PRON,PPER,wir,wir
458,werden,AUX,VAFIN,werden,werden
459,den,DET,ART,der,den
460,wichtigen,ADJ,ADJA,wichtig,wichtigen
461,Belangen,NOUN,NN,Belang,Belangen
462,von,ADP,APPR,von,von
463,Wissenschaft,NOUN,NN,Wissenschaft,Wissenschaft
464,",",PUNCT,"$,",",",","
465,Forschung,NOUN,NN,Forschung,Forschung
466,und,CONJ,KON,und,und
467,Bildung,NOUN,NN,Bildung,Bildung
468,stärker,ADJ,ADJD,stark,stärker
469,Rechnung,NOUN,NN,Rechnung,Rechnung
470,zu,PART,PTKZU,zu,zu
471,tragen,VERB,VVINF,tragen,tragen
472,und,CONJ,KON,und,und
473,eine,DET,ART,ein,eine
474,Bildungs-,X,TRUNC,Bildung,Bildungs-
475,und,CONJ,KON,und,und
476,Wissenschaftsschranke,NOUN,NN,Wissenschaftsschranke,Wissenschaftsschranke
477,einführen,VERB,VVINF,einführen,einführen
478,.,PUNCT,$.,.,.
479,“,PUNCT,$(,“,“
480,das,DET,ART,der,das
481,Aktionsbündnis,NOUN,NN,Aktionsbündnis,Aktionsbündnis
482,Urheberrecht,NOUN,NN,Urheberrecht,Urheberrecht
483,für,ADP,APPR,für,für
484,Bildung,NOUN,NN,Bildung,Bildung
485,und,CONJ,KON,und,und
486,Wissenschaft,NOUN,NN,Wissenschaft,Wissenschaft
487,bewertet,VERB,VVFIN,bewerten,bewertet
488,diese,DET,PDAT,dieser,diese
489,Aussage,NOUN,NN,Aussage,Aussage
490,in,ADP,APPR,in,in
491,einer,DET,ART,ein,einer
492,Pressemitteilung,NOUN,NN,Pressemitteilung,Pressemitteilung
493,als,CONJ,KOKOM,als,als
494,„,PUNCT,$(,„,„
495,vielversprechend,ADJ,ADJD,vielversprechend,vielversprechend
496,“,PUNCT,$(,“,“
497,",",PUNCT,"$,",",",","
498,mahnt,VERB,VVFIN,mahnen,mahnt
499,jedoch,ADV,ADV,jedoch,jedoch
500,zugleich,ADV,ADV,zugleich,zugleich
501,eine,DET,ART,ein,eine
502,„,PUNCT,$(,„,„
503,tatsächlich,ADJ,ADJD,tatsächlich,tatsächlich
504,bildungs-,X,TRUNC,bildung,bildungs-
505,und,CONJ,KON,und,und
506,forschungsfreundliche,ADJ,ADJA,forschungsfreundlich,forschungsfreundliche
507,“,PUNCT,$(,“,“
508,Umsetzung,NOUN,NN,Umsetzung,Umsetzung
509,der,DET,ART,der,der
510,nötigen,ADJ,ADJA,nötig,nötigen
511,Regelungen,NOUN,NN,Regelung,Regelungen
512,im,ADP,APPRART,in,im
513,Urheberrechtsgesetz,NOUN,NN,Urheberrechtsgesetz,Urheberrechtsgesetz
514,an,PART,PTKVZ,an,an
515,.,PUNCT,$.,.,.
516,bereits,ADV,ADV,bereits,bereits
517,2010,NUM,CARD,2010,2010
518,hat,AUX,VAFIN,haben,hat
519,das,DET,ART,der,das
520,Aktionsbündnis,NOUN,NN,Aktionsbündnis,Aktionsbündnis
521,einen,DET,ART,ein,einen
522,Entwurf,NOUN,NN,Entwurf,Entwurf
523,für,ADP,APPR,für,für
524,eine,DET,ART,ein,eine
525,„,PUNCT,$(,„,„
526,allgemeinen,ADJ,ADJA,allgemein,allgemeinen
527,Wissenschaftsschranke,NOUN,NN,Wissenschaftsschranke,Wissenschaftsschranke
528,“,PUNCT,$(,“,“
529,vorgelegt,VERB,VVPP,vorlegen,vorgelegt
530,",",PUNCT,"$,",",",","
531,der,PRON,PRELS,der,der
532,die,DET,ART,der,die
533,„,PUNCT,$(,„,„
534,bisherigen,ADJ,ADJA,bisherig,bisherigen
535,kleinteiligen,ADJ,ADJA,kleinteilig,kleinteiligen
536,und,CONJ,KON,und,und
537,höchst,UNK,PTKIFG,höchst,höchst
538,komplizierten,ADJ,ADJA,kompliziert,komplizierten
539,Schrankenlösungen,NOUN,NN,Schrankenlösung,Schrankenlösungen
540,“,PUNCT,$(,“,“
541,in,ADP,APPR,in,in
542,einem,DET,ART,ein,einem
543,Paragraphen,NOUN,NN,Paragraph,Paragraphen
544,bündelt,VERB,VVFIN,bündeln,bündelt
545,.,PUNCT,$.,.,.
546,auch,ADV,ADV,auch,auch
547,will,VERB,VMFIN,wollen,will
548,die,DET,ART,der,die
549,Koalition,NOUN,NN,Koalition,Koalition
550,prüfen,VERB,VVINF,prüfen,prüfen
551,",",PUNCT,"$,",",",","
552,„,PUNCT,$(,„,„
553,ob,SCONJ,KOUS,ob,ob
554,den,DET,ART,der,den
555,öffentlichen,ADJ,ADJA,öffentlich,öffentlichen
556,Bibliotheken,NOUN,NN,Bibliothek,Bibliotheken
557,gesetzlich,ADJ,ADJD,gesetzlich,gesetzlich
558,das,DET,ART,der,das
559,Recht,NOUN,NN,Recht,Recht
560,eingeräumt,VERB,VVPP,einräumen,eingeräumt
561,werden,AUX,VAINF,werden,werden
562,sollte,VERB,VMFIN,sollen,sollte
563,",",PUNCT,"$,",",",","
564,elektronische,ADJ,ADJA,elektronisch,elektronische
565,Bücher,NOUN,NN,Buch,Bücher
566,zu,PART,PTKZU,zu,zu
567,lizenzieren,VERB,VVINF,lizenzieren,lizenzieren
568,.,PUNCT,$.,.,.
569,“,PUNCT,$(,“,“
570,darüber,ADV,PAV,darüber,darüber
571,hinaus,ADP,APZR,hinaus,hinaus
572,soll,VERB,VMFIN,sollen,soll
573,auf,ADP,APPR,auf,auf
574,europäischer,ADJ,ADJA,europäisch,europäischer
575,Ebene,NOUN,NN,Ebene,Ebene
576,für,ADP,APPR,für,für
577,den,DET,ART,der,den
578,ermäßigten,ADJ,ADJA,ermäßigt,ermäßigten
579,Mehrwertsteuersatz,NOUN,NN,Mehrwertsteuersatz,Mehrwertsteuersatz
580,für,ADP,APPR,für,für
581,elektronische,ADJ,ADJA,elektronisch,elektronische
582,Medien,NOUN,NN,Medium,Medien
583,geworben,VERB,VVPP,werben,geworben
584,werden,AUX,VAINF,werden,werden
585,.,PUNCT,$.,.,.
586,schreiben,VERB,VVFIN,schreiben,schreiben
587,sich,PRON,PRF,sich,sich
588,CDU,PROPN,NE,CDU,CDU
589,",",PUNCT,"$,",",",","
590,CSU,PROPN,NE,CSU,CSU
591,und,CONJ,KON,und,und
592,SPD,PROPN,NE,SPD,SPD
593,die,DET,ART,der,die
594,Förderung,NOUN,NN,Förderung,Förderung
595,des,DET,ART,der,des
596,offenen,ADJ,ADJA,offen,offenen
597,Zugangs,NOUN,NN,Zugang,Zugangs
598,zu,ADP,APPR,zu,zu
599,wissenschaftlichen,ADJ,ADJA,wissenschaftlich,wissenschaftlichen
600,Publikationen,NOUN,NN,Publikation,Publikationen
601,und,CONJ,KON,und,und
602,Forschungsdaten,NOUN,NN,Forschungsdatum,Forschungsdaten
603,auf,ADP,APPR,auf,auf
604,die,DET,ART,der,die
605,To-Do-Liste,NOUN,NN,To-Do-Liste,To-Do-Liste
606,:,PUNCT,$.,:,:
607,„,PUNCT,$(,„,„
608,wir,PRON,PPER,wir,wir
609,werden,AUX,VAFIN,werden,werden
610,eine,DET,ART,ein,eine
611,umfassende,ADJ,ADJA,umfassend,umfassende
612,Open,NOUN,NN,Open,Open
613,Access,NOUN,NN,Access,Access
614,Strategie,NOUN,NN,Strategie,Strategie
615,entwickeln,VERB,VVINF,entwickeln,entwickeln
616,",",PUNCT,"$,",",",","
617,die,PRON,PRELS,der,die
618,die,DET,ART,der,die
619,Rahmenbedingungen,NOUN,NN,Rahmenbedingung,Rahmenbedingungen
620,für,ADP,APPR,für,für
621,einen,DET,ART,ein,einen
622,effektiven,ADJ,ADJA,effektiv,effektiven
623,und,CONJ,KON,und,und
624,dauerhaften,ADJ,ADJA,dauerhaft,dauerhaften
625,Zugang,NOUN,NN,Zugang,Zugang
626,zu,ADP,APPR,zu,zu
627,öffentlich,ADJ,ADJD,öffentlich,öffentlich
628,finanzierten,ADJ,ADJA,finanziert,finanzierten
629,Publikationen,NOUN,NN,Publikation,Publikationen
630,und,CONJ,KON,und,und
631,auch,ADV,ADV,auch,auch
632,zu,ADP,APPR,zu,zu
633,Daten,NOUN,NN,Datum,Daten
634,(,PUNCT,$(,(,(
635,open,X,FM,open,open
636,data,X,FM,data,data
637,),PUNCT,$(,),)
638,verbessert,VERB,VVFIN,verbessern,verbessert
639,.,PUNCT,$.,.,.
640,“,PUNCT,$(,“,“
641,durch,ADP,APPR,durch,durch
642,ein,DET,ART,ein,ein
643,Förderprogramm,NOUN,NN,Förderprogramm,Förderprogramm
644,sollen,VERB,VMFIN,sollen,sollen
645,der,DET,ART,der,der
646,“,PUNCT,$(,“,“
647,Aufbau,NOUN,NN,Aufbau,Aufbau
648,",",PUNCT,"$,",",",","
649,der,DET,ART,der,der
650,Ausbau,NOUN,NN,Ausbau,Ausbau
651,und,CONJ,KON,und,und
652,die,DET,ART,der,die
653,koordinierte,ADJ,ADJA,koordiniert,koordinierte
654,nationale,ADJ,ADJA,national,nationale
655,",",PUNCT,"$,",",",","
656,europäische,ADJ,ADJA,europäisch,europäische
657,und,CONJ,KON,und,und
658,internationale,ADJ,ADJA,international,internationale
659,Vernetzung,NOUN,NN,Vernetzung,Vernetzung
660,von,ADP,APPR,von,von
661,offenen,ADJ,ADJA,offen,offenen
662,(,PUNCT,$(,(,(
663,Forschungs-,X,TRUNC,Forschung,Forschungs-
664,),PUNCT,$(,),)
665,Datenbanken,NOUN,NN,Datenbank,Datenbanken
666,",",PUNCT,"$,",",",","
667,Repositorien,NOUN,NN,Repositorium,Repositorien
668,und,CONJ,KON,und,und
669,Open-Access-Zeitschriften,NOUN,NN,Open-Access-Zeitschrift,Open-Access-Zeitschriften
670,der,DET,ART,der,der
671,Forschungseinrichtungen,NOUN,NN,Forschungseinrichtung,Forschungseinrichtungen
672,und,CONJ,KON,und,und
673,der,DET,ART,der,der
674,Hochschulen,NOUN,NN,Hochschule,Hochschulen
675,“,PUNCT,$(,“,“
676,vorangetrieben,VERB,VVPP,vorantreiben,vorangetrieben
677,werden,AUX,VAINF,werden,werden
678,.,PUNCT,$.,.,.
679,optimistisch,ADJ,ADJD,optimistisch,optimistisch
680,stimmt,VERB,VVFIN,stimmen,stimmt
681,der,DET,ART,der,der
682,Blick,NOUN,NN,Blick,Blick
683,auf,ADP,APPR,auf,auf
684,das,DET,ART,der,das
685,Themenfeld,NOUN,NN,Themenfeld,Themenfeld
686,„,PUNCT,$(,„,„
687,Digitalisierung,NOUN,NN,Digitalisierung,Digitalisierung
688,und,CONJ,KON,und,und
689,Infrastruktur,NOUN,NN,Infrastruktur,Infrastruktur
690,in,ADP,APPR,in,in
691,der,DET,ART,der,der
692,Wissenschaft,NOUN,NN,Wissenschaft,Wissenschaft
693,“,PUNCT,$(,“,“
694,.,PUNCT,$.,.,.
695,der,DET,ART,der,der
696,Umgang,NOUN,NN,Umgang,Umgang
697,mit,ADP,APPR,mit,mit
698,Forschungsdaten,NOUN,NN,Forschungsdatum,Forschungsdaten
699,soll,VERB,VMFIN,sollen,soll
700,verbessert,VERB,VVPP,verbessern,verbessert
701,werden,AUX,VAINF,werden,werden
702,.,PUNCT,$.,.,.
703,dazu,ADV,PAV,dazu,dazu
704,heißt,VERB,VVFIN,heißen,heißt
705,es,PRON,PPER,es,es
706,im,ADP,APPRART,in,im
707,Koalitionsvertrag,NOUN,NN,Koalitionsvertrag,Koalitionsvertrag
708,:,PUNCT,$.,:,:
709,„,PUNCT,$(,„,„
710,wir,PRON,PPER,wir,wir
711,werden,AUX,VAFIN,werden,werden
712,eine,DET,ART,ein,eine
713,Strategie,NOUN,NN,Strategie,Strategie
714,für,ADP,APPR,für,für
715,den,DET,ART,der,den
716,digitalen,ADJ,ADJA,digital,digitalen
717,Wandel,NOUN,NN,Wandel,Wandel
718,in,ADP,APPR,in,in
719,der,DET,ART,der,der
720,Wissenschaft,NOUN,NN,Wissenschaft,Wissenschaft
721,initiieren,VERB,VVINF,initiieren,initiieren
722,",",PUNCT,"$,",",",","
723,zum,ADP,APPRART,zu,zum
724,Beispiel,NOUN,NN,Beispiel,Beispiel
725,um,SCONJ,KOUI,um,um
726,Zugang,NOUN,NN,Zugang,Zugang
727,und,CONJ,KON,und,und
728,Nutzbarkeit,NOUN,NN,Nutzbarkeit,Nutzbarkeit
729,von,ADP,APPR,von,von
730,komplexen,ADJ,ADJA,komplex,komplexen
731,Forschungsdaten,NOUN,NN,Forschungsdatum,Forschungsdaten
732,zu,PART,PTKZU,zu,zu
733,verbessern,VERB,VVINF,verbessern,verbessern
734,.,PUNCT,$.,.,.
735,gemeinsam,ADJ,ADJD,gemeinsam,gemeinsam
736,mit,ADP,APPR,mit,mit
737,den,DET,ART,der,den
738,Ländern,NOUN,NN,Land,Ländern
739,werden,AUX,VAFIN,werden,werden
740,wir,PRON,PPER,wir,wir
741,einen,DET,ART,ein,einen
742,Rat,NOUN,NN,Rat,Rat
743,für,ADP,APPR,für,für
744,Informationsinfrastrukturen,NOUN,NN,Informationsinfrastruktur,Informationsinfrastrukturen
745,gründen,VERB,VVINF,gründen,gründen
746,",",PUNCT,"$,",",",","
747,in,ADP,APPR,in,in
748,dem,PRON,PRELS,der,dem
749,sich,PRON,PRF,sich,sich
750,die,DET,ART,der,die
751,Akteure,NOUN,NN,Akteur,Akteure
752,des,DET,ART,der,des
753,Wissenschaftssystems,NOUN,NN,Wissenschaftssystem,Wissenschaftssystems
754,über,ADP,APPR,über,über
755,die,DET,ART,der,die
756,Erarbeitung,NOUN,NN,Erarbeitung,Erarbeitung
757,Disziplinen,NOUN,NN,Disziplin,Disziplinen
758,und,CONJ,KON,und,und
759,institutionenübergreifender,ADJ,ADJA,institutionenübergreifend,institutionenübergreifender
760,Strategien,NOUN,NN,Strategie,Strategien
761,und,CONJ,KON,und,und
762,Standards,NOUN,NN,Standard,Standards
763,verständigen,VERB,VVFIN,verständigen,verständigen
764,.,PUNCT,$.,.,.
765,zudem,ADV,PAV,zudem,zudem
766,wollen,VERB,VMFIN,wollen,wollen
767,wir,PRON,PPER,wir,wir
768,virtuelle,ADJ,ADJA,virtuell,virtuelle
769,Forschungsumgebungen,NOUN,NN,Forschungsumgebung,Forschungsumgebungen
770,stärken,VERB,VVINF,stärken,stärken
771,",",PUNCT,"$,",",",","
772,die,PRON,PRELS,der,die
773,es,PRON,PPER,es,es
774,Forscherinnen,NOUN,NN,Forscherin,Forscherinnen
775,und,CONJ,KON,und,und
776,Forschern,NOUN,NN,Forscher,Forschern
777,erlauben,VERB,VVFIN,erlauben,erlauben
778,",",PUNCT,"$,",",",","
779,mithilfe,ADP,APPR,mithilfe,mithilfe
780,digitaler,ADJ,ADJA,digital,digitaler
781,Medien,NOUN,NN,Medium,Medien
782,über,ADP,APPR,über,über
783,disziplinäre,ADJ,ADJA,disziplinär,disziplinäre
784,",",PUNCT,"$,",",",","
785,institutionelle,ADJ,ADJA,institutionell,institutionelle
786,und,CONJ,KON,und,und
787,geografische,ADJ,ADJA,geografisch,geografische
788,Grenzen,NOUN,NN,Grenze,Grenzen
789,hinweg,ADP,APZR,hinweg,hinweg
790,zusammenzuarbeiten,VERB,VVIZU,zusammenarbeiten,zusammenzuarbeiten
791,und,CONJ,KON,und,und
792,daraus,ADV,PAV,daraus,daraus
793,auch,UNK,PTKIFG,auch,auch
794,neue,ADJ,ADJA,neu,neue
795,Forschungsmethoden,NOUN,NN,Forschungsmethode,Forschungsmethoden
796,und,CONJ,KON,und,und
797,-gegenstände,X,TRUNC,Gegenstand,-gegenstände
798,zu,PART,PTKZU,zu,zu
799,entwickeln,VERB,VVINF,entwickeln,entwickeln
800,.,PUNCT,$.,.,.
801,”,PUNCT,$(,”,”
802,Einrichtung,NOUN,NN,Einrichtung,Einrichtung
803,eines,DET,ART,ein,eines
804,Rates,NOUN,NN,Rat,Rates
805,für,ADP,APPR,für,für
806,Informationsinfrastrukturen,NOUN,NN,Informationsinfrastruktur,Informationsinfrastrukturen
807,wurde,AUX,VAFIN,werden,wurde
808,erst,ADV,ADV,erst,erst
809,letzte,ADJ,ADJA,letzter,letzte
810,Woche,NOUN,NN,Woche,Woche
811,durch,ADP,APPR,durch,durch
812,die,DET,ART,der,die
813,gemeinsame,ADJ,ADJA,gemeinsam,gemeinsame
814,Wissenschaftskonferenz,NOUN,NN,Wissenschaftskonferenz,Wissenschaftskonferenz
815,(,PUNCT,$(,(,(
816,GWK,PROPN,NE,GWK,GWK
817,),PUNCT,$(,),)
818,beschlossen,VERB,VVPP,beschließen,beschlossen
819,.,PUNCT,$.,.,.
820,auch,UNK,PTKIFG,auch,auch
821,der,DET,ART,der,der
822,nationalen,ADJ,ADJA,national,nationalen
823,„,PUNCT,$(,„,„
824,Roadmap-Prozess,NOUN,NN,Roadmap-Prozess,Roadmap-Prozess
825,für,ADP,APPR,für,für
826,große,ADJ,ADJA,groß,große
827,Forschungsinfrastrukturen,NOUN,NN,Forschungsinfrastruktur,Forschungsinfrastrukturen
828,“,PUNCT,$(,“,“
829,soll,VERB,VMFIN,sollen,soll
830,unter,ADP,APPR,unter,unter
831,„,PUNCT,$(,„,„
832,unter,ADP,APPR,unter,unter
833,Berücksichtigung,NOUN,NN,Berücksichtigung,Berücksichtigung
834,neuer,ADJ,ADJA,neu,neuer
835,Kooperationsmöglichkeiten,NOUN,NN,Kooperationsmöglichkeit,Kooperationsmöglichkeiten
836,zwischen,ADP,APPR,zwischen,zwischen
837,Bund,NOUN,NN,Bund,Bund
838,und,CONJ,KON,und,und
839,Ländern,NOUN,NN,Land,Ländern
840,“,PUNCT,$(,“,“
841,fortgesetzt,VERB,VVPP,fortsetzen,fortgesetzt
842,werden,AUX,VAINF,werden,werden
843,.,PUNCT,$.,.,.
844,im,ADP,APPRART,in,im
845,Bereich,NOUN,NN,Bereich,Bereich
846,der,DET,ART,der,der
847,digitalen,ADJ,ADJA,digital,digitalen
848,Wissenschaft,NOUN,NN,Wissenschaft,Wissenschaft
849,soll,VERB,VMFIN,sollen,soll
850,die,DET,ART,der,die
851,„,PUNCT,$(,„,„
852,Forschungs-,X,TRUNC,Forschung,Forschungs-
853,und,CONJ,KON,und,und
854,Innovationsförderung,NOUN,NN,Innovationsförderung,Innovationsförderung
855,für,ADP,APPR,für,für
856,‚,PUNCT,$(,‚,‚
857,Big,X,FM,Big,Big
858,Data,X,FM,Data,Data
859,’,PUNCT,$(,’,’
860,auf,ADP,APPR,auf,auf
861,die,DET,ART,der,die
862,Entwicklung,NOUN,NN,Entwicklung,Entwicklung
863,von,ADP,APPR,von,von
864,Methoden,NOUN,NN,Methode,Methoden
865,und,CONJ,KON,und,und
866,Werkzeugen,NOUN,NN,Werkzeug,Werkzeugen
867,zur,ADP,APPRART,zu,zur
868,Datenanalyse,NOUN,NN,Datenanalyse,Datenanalyse
869,“,PUNCT,$(,“,“
870,ausgerichtet,VERB,VVPP,ausrichten,ausgerichtet
871,werden,AUX,VAINF,werden,werden
872,.,PUNCT,$.,.,.
873,weiter,ADV,ADV,weiter,weiter
874,soll,VERB,VMFIN,sollen,soll
875,ein,DET,ART,ein,ein
876,mit,ADP,APPR,mit,mit
877,„,PUNCT,$(,„,„
878,öffentlichen,ADJ,ADJA,öffentlich,öffentlichen
879,Mitteln,NOUN,NN,Mittel,Mitteln
880,finanziertes,ADJ,ADJA,finanziert,finanziertes
881,Internet-Institut,NOUN,NN,Internet-Institut,Internet-Institut
882,“,PUNCT,$(,“,“
883,geschaffen,VERB,VVPP,schaffen,geschaffen
884,werden,AUX,VAINF,werden,werden
885,.,PUNCT,$.,.,.
886,Fazit,NOUN,NN,Fazit,Fazit
887,:,PUNCT,$.,:,:
888,es,PRON,PPER,es,es
889,wird,AUX,VAFIN,werden,wird
890,spannend,ADJ,ADJD,spannend,spannend
891,welche,DET,PWAT,welcher,welche
892,konkreten,ADJ,ADJA,konkret,konkreten
893,Maßnahmen,NOUN,NN,Maßnahme,Maßnahmen
894,bis,ADP,APPR,bis,bis
895,2017,NUM,CARD,2017,2017
896,folgen,VERB,VVINF,folgen,folgen
897,werden,AUX,VAINF,werden,werden
898,.,PUNCT,$.,.,.
899,zu,PART,PTKZU,zu,zu
900,hoffen,VERB,VVINF,hoffen,hoffen
901,ist,AUX,VAFIN,sein,ist
902,",",PUNCT,"$,",",",","
903,dass,SCONJ,KOUS,dass,dass
904,die,DET,ART,der,die
905,angesprochen,ADJ,ADJA,angesprochen,angesprochen
906,Themen,NOUN,NN,Thema,Themen
907,rasch,ADJ,ADJD,rasch,rasch
908,und,CONJ,KON,und,und
909,mutig,ADJ,ADJD,mutig,mutig
910,im,ADP,APPRART,in,im
911,Sinne,NOUN,NN,Sinn,Sinne
912,der,DET,ART,der,der
913,Wissenschaft,NOUN,NN,Wissenschaft,Wissenschaft
914,umgesetzt,VERB,VVPP,umsetzen,umgesetzt
915,werden,AUX,VAFIN,werden,werden
916,.,PUNCT,$.,.,.
917,im,ADP,APPRART,in,im
918,Urlaub,NOUN,NN,Urlaub,Urlaub
919,Flügen,NOUN,NN,Flug,Flügen
920,außerhalb,ADP,APPR,außerhalb,außerhalb
921,Nordeuropas,PROPN,NE,Nordeuropa,Nordeuropas
922,muss,VERB,VMFIN,müssen,muss
923,Empfindliches,NOUN,NN,empfindliche,Empfindliches
924,extrem,UNK,PTKIFG,extrem,extrem
925,gut,ADJ,ADJD,gut,gut
926,verpackt,VERB,VVPP,verpacken,verpackt
927,sein,AUX,VAINF,sein,sein
928,und,CONJ,KON,und,und
929,möglichst,ADV,ADV,möglichst,möglichst
930,in,ADP,APPR,in,in
931,der,DET,ART,der,der
932,Mitte,NOUN,NN,Mitte,Mitte
933,der,DET,ART,der,der
934,Tasche,NOUN,NN,Tasche,Tasche
935,.,PUNCT,$.,.,.
936,Gepäck,NOUN,NN,Gepäck,Gepäck
937,wird,AUX,VAFIN,werden,wird
938,nicht,PART,PTKNEG,nicht,nicht
939,nur,ADV,ADV,nur,nur
940,horizontal,ADJ,ADJD,horizontal,horizontal
941,geworfen,VERB,VVPP,werfen,geworfen
942,",",PUNCT,"$,",",",","
943,sondern,CONJ,KON,sondern,sondern
944,auch,ADV,ADV,auch,auch
945,geschüttelt,VERB,VVPP,schütteln,geschüttelt
946,",",PUNCT,"$,",",",","
947,es,PRON,PPER,es,es
948,setzen,VERB,VVFIN,setzen,setzen
949,sich,PRON,PRF,sich,sich
950,Leute,NOUN,NN,Leute,Leute
951,drauf,PART,PTKVZ,drauf,drauf
952,und,CONJ,KON,und,und
953,es,PRON,PPER,es,es
954,wird,AUX,VAFIN,werden,wird
955,aus,ADP,APPR,aus,aus
956,dem,DET,ART,der,dem
957,Flugzeug,NOUN,NN,Flugzeug,Flugzeug
958,einfach,ADJ,ADJD,einfach,einfach
959,auf,ADP,APPR,auf,auf
960,den,DET,ART,der,den
961,Wagen,NOUN,NN,Wagen,Wagen
962,fallen,VERB,VVINF,fallen,fallen
963,gelassen,VERB,VVPP,lassen,gelassen
964,.,PUNCT,$.,.,.
965,in,ADP,APPR,in,in
966,der,DET,ART,der,der
967,Mitte,NOUN,NN,Mitte,Mitte
968,des,DET,ART,der,des
969,Urlaubs,NOUN,NN,Urlaub,Urlaubs
970,kaufen,VERB,VVINF,kaufen,kaufen
971,.,PUNCT,$.,.,.
972,dann,ADV,ADV,dann,dann
973,weiß,VERB,VVFIN,wissen,weiß
974,man,PRON,PIS,man,man
975,",",PUNCT,"$,",",",","
976,was,PRON,PRELS,wer,was
977,typisch,ADJ,ADJD,typisch,typisch
978,ist,AUX,VAFIN,sein,ist
979,",",PUNCT,"$,",",",","
980,welcher,DET,PWAT,welcher,welcher
981,Preis,NOUN,NN,Preis,Preis
982,für,ADP,APPR,für,für
983,welche,DET,PWAT,welcher,welche
984,Qualität,NOUN,NN,Qualität,Qualität
985,passt,VERB,VVFIN,passen,passt
986,[,PUNCT,$(,[,[
987,weil,SCONJ,KOUS,weil,weil
988,man,PRON,PIS,man,man
989,von,ADP,APPR,von,von
990,Anfang,NOUN,NN,Anfang,Anfang
991,an,ADP,APZR,an,an
992,Händler,NOUN,NN,Händler,Händler
993,+,CONJ,KON,+,+
994,andere,ADJ,ADJA,anderer,andere
995,Urlauber,NOUN,NN,Urlauber,Urlauber
996,gefragt,VERB,VVPP,fragen,gefragt
997,hat,AUX,VAFIN,haben,hat
998,],PUNCT,$(,],]
999,",",PUNCT,"$,",",",","
1000,wo,ADV,PWAV,wo,wo
1001,man,PRON,PIS,man,man
1002,was,PRON,PWS,was,was
1003,bekommt,VERB,VVFIN,bekommen,bekommt
1004,etc.,ADV,ADV,etc.,etc.
1005,man,PRON,PIS,man,man
1006,hat,AUX,VAFIN,haben,hat
1007,noch,ADV,ADV,noch,noch
1008,genug,DET,PIAT,genug,genug
1009,Zeitpuffer,NOUN,NN,Zeitpuffer,Zeitpuffer
1010,",",PUNCT,"$,",",",","
1011,um,SCONJ,KOUI,um,um
1012,bei,ADP,APPR,bei,bei
1013,teuren,ADJ,ADJA,teuer,teuren
1014,Händlern,NOUN,NN,Händler,Händlern
1015,auch,ADV,ADV,auch,auch
1016,weggehen,VERB,VVINF,weggehen,weggehen
1017,zu,PART,PTKZU,zu,zu
1018,können,VERB,VMINF,können,können
1019,und,CONJ,KON,und,und
1020,auf,ADP,APPR,auf,auf
1021,günstigere,ADJ,ADJA,günstig,günstigere
1022,zu,PART,PTKZU,zu,zu
1023,warten,VERB,VVINF,warten,warten
1024,.,PUNCT,$.,.,.
1025,besonders,ADV,ADV,besonders,besonders
1026,als,ADP,APPR,als,als
1027,Mitbringsel,NOUN,NN,Mitbringsel,Mitbringsel
1028,geeignet,ADJ,ADJD,geeignet,geeignet
1029,ist,AUX,VAFIN,sein,ist
1030,alles,PRON,PIS,alle,alles
1031,",",PUNCT,"$,",",",","
1032,was,PRON,PRELS,wer,was
1033,leicht,ADJ,ADJD,leicht,leicht
1034,",",PUNCT,"$,",",",","
1035,klein,ADJ,ADJD,klein,klein
1036,und,CONJ,KON,und,und
1037,zuhause,ADV,ADV,zuhause,zuhause
1038,nicht,PART,PTKNEG,nicht,nicht
1039,zu,PART,PTKZU,zu,zu
1040,bekommen,VERB,VVINF,bekommen,bekommen
1041,ist,AUX,VAFIN,sein,ist
1042,.,PUNCT,$.,.,.
1043,je,ADV,ADV,je,je
1044,nach,ADP,APPR,nach,nach
1045,beschenkter,ADJ,ADJA,beschenkt,beschenkter
1046,Person,NOUN,NN,Person,Person
1047,sollte,VERB,VMFIN,sollen,sollte
1048,es,PRON,PPER,es,es
1049,schnell,ADJ,ADJD,schnell,schnell
1050,weg,ADV,ADV,weg,weg
1051,sein,AUX,VAINF,sein,sein
1052,(,PUNCT,$(,(,(
1053,z.B.,ADV,ADV,z.B.,z.B.
1054,Süßigkeiten,NOUN,NN,Süßigkeit,Süßigkeiten
1055,),PUNCT,$(,),)
1056,oder,CONJ,KON,oder,oder
1057,möglichst,ADV,ADV,möglichst,möglichst
1058,lange,ADJ,ADJD,lang,lange
1059,erinnern,VERB,VVINF,erinnern,erinnern
1060,(,PUNCT,$(,(,(
1061,z.B.,ADV,ADV,z.B.,z.B.
1062,funktionale,ADJ,ADJA,funktional,funktionale
1063,Einrichtungsgegenstände,NOUN,NN,Einrichtungsgegenstand,Einrichtungsgegenstände
1064,),PUNCT,$(,),)
1065,.,PUNCT,$.,.,.
1066,/,PUNCT,$(,/,/
1067,Anregungen,NOUN,NN,Anregung,Anregungen
1068,",",PUNCT,"$,",",",","
1069,Parfüm,NOUN,NN,Parfüm,Parfüm
1070,",",PUNCT,"$,",",",","
1071,CDs,NOUN,NN,CD,CDs
1072,",",PUNCT,"$,",",",","
1073,Räucherstäbchen,NOUN,NN,Räucherstäbchen,Räucherstäbchen
1074,",",PUNCT,"$,",",",","
1075,...,PUNCT,$(,...,...
1076,sind,AUX,VAFIN,sein,sind
1077,in,ADP,APPR,in,in
1078,vielen,DET,PIAT,vieler,vielen
1079,Gegenden,NOUN,NN,Gegend,Gegenden
1080,extrem,UNK,PTKIFG,extrem,extrem
1081,günstig,ADJ,ADJD,günstig,günstig
1082,und,CONJ,KON,und,und
1083,teils,ADV,ADV,teils,teils
1084,sehr,UNK,PTKIFG,sehr,sehr
1085,landestypisch,ADJ,ADJD,landestypisch,landestypisch
1086,sind,AUX,VAFIN,sein,sind
1087,oft,ADV,ADV,oft,oft
1088,extrem,UNK,PTKIFG,extrem,extrem
1089,billig,ADJ,ADJD,billig,billig
1090,(,PUNCT,$(,(,(
1091,1,NUM,CARD,1,1
1092,kg,NOUN,NN,kg,kg
1093,für,ADP,APPR,für,für
1094,5,NUM,CARD,5,5
1095,€,NOUN,NN,€,€
1096,statt,ADP,APPR,statt,statt
1097,40,NUM,CARD,40,40
1098,€,NOUN,NN,€,€
1099,),PUNCT,$(,),)
1100,mit,ADP,APPR,mit,mit
1101,Ortsbezug,NOUN,NN,Ortsbezug,Ortsbezug
1102,(,PUNCT,$(,(,(
1103,Elch-Schild,NOUN,NN,Elch-Schild,Elch-Schild
1104,aus,ADP,APPR,aus,aus
1105,Schweden,PROPN,NE,Schweden,Schweden
1106,",",PUNCT,"$,",",",","
1107,Wikinger,NOUN,NN,Wikinger,Wikinger
1108,aus,ADP,APPR,aus,aus
1109,Dänemark,PROPN,NE,Dänemark,Dänemark
1110,",",PUNCT,"$,",",",","
1111,Peperoni,NOUN,NN,Peperoni,Peperoni
1112,aus,ADP,APPR,aus,aus
1113,Ungarn,PROPN,NE,Ungarn,Ungarn
1114,),PUNCT,$(,),)
1115,für,ADP,APPR,für,für
1116,Sammler,NOUN,NN,Sammler,Sammler
1117,",",PUNCT,"$,",",",","
1118,z.,ADP,APPRART,z.,z.
1119,B.,NOUN,NN,B.,B.
1120,Königs-Datteln,NOUN,NN,Königs-Dattel,Königs-Datteln
1121,",",PUNCT,"$,",",",","
1122,richtig,ADJ,ADJD,richtig,richtig
1123,reife,ADJ,ADJA,reif,reife
1124,Mangos,NOUN,NN,Mango,Mangos
1125,",",PUNCT,"$,",",",","
1126,Bananenketchup,NOUN,NN,Bananenketchup,Bananenketchup
1127,",",PUNCT,"$,",",",","
1128,Elchfleisch,NOUN,NN,Elchfleisch,Elchfleisch
1129,",",PUNCT,"$,",",",","
1130,kräftiger,ADJ,ADJA,kräftig,kräftiger
1131,Tee,NOUN,NN,Tee,Tee
1132,",",PUNCT,"$,",",",","
1133,Fruchtsuppe,NOUN,NN,Fruchtsuppe,Fruchtsuppe
1134,",",PUNCT,"$,",",",","
1135,Schoko-Raspeln,NOUN,NN,Schoko-Raspel,Schoko-Raspeln
1136,",",PUNCT,"$,",",",","
1137,...,PUNCT,$.,...,...
1138,Textilien,NOUN,NN,Textilie,Textilien
1139,",",PUNCT,"$,",",",","
1140,die,PRON,PRELS,der,die
1141,bei,ADP,APPR,bei,bei
1142,uns,PRON,PPER,uns,uns
1143,vergleichsweise,ADV,ADV,vergleichsweise,vergleichsweise
1144,teuer,ADJ,ADJD,teuer,teuer
1145,sind,AUX,VAFIN,sein,sind
1146,",",PUNCT,"$,",",",","
1147,also,ADV,ADV,also,also
1148,z.B.,ADV,ADV,z.B.,z.B.
1149,Mäntel,NOUN,NN,Mantel,Mäntel
1150,",",PUNCT,"$,",",",","
1151,reich,ADJ,ADJD,reich,reich
1152,verzierte,ADJ,ADJA,verziert,verzierte
1153,Blazer,NOUN,NN,Blazer,Blazer
1154,",",PUNCT,"$,",",",","
1155,....,PUNCT,$.,....,....
1156,Achtung,NOUN,NN,Achtung,Achtung
1157,:,PUNCT,$.,:,:
1158,Qualität,NOUN,NN,Qualität,Qualität
1159,der,DET,ART,der,der
1160,Nähte,NOUN,NN,Naht,Nähte
1161,",",PUNCT,"$,",",",","
1162,Farbstoffe,NOUN,NN,Farbstoff,Farbstoffe
1163,und,CONJ,KON,und,und
1164,Fasern,NOUN,NN,Faser,Fasern
1165,teilweise,ADV,ADV,teilweise,teilweise
1166,mies,ADJ,ADJD,mies,mies
1167,!,PUNCT,$.,!,!
1168,beim,ADP,APPRART,bei,beim
1169,Geschenk,NOUN,NN,Geschenk,Geschenk
1170,peinlich,ADJ,ADJD,peinlich,peinlich
1171,.,PUNCT,$.,.,.
1172,sich,PRON,PRF,sich,sich
1173,selbst,ADV,ADV,selbst,selbst
1174,kann,VERB,VMFIN,können,kann
1175,man,PRON,PIS,man,man
1176,z.B.,ADV,ADV,z.B.,z.B.
1177,mitbringen,VERB,VVINF,mitbringen,mitbringen
1178,",",PUNCT,"$,",",",","
1179,was,PRON,PRELS,wer,was
1180,auch,ADV,ADV,auch,auch
1181,als,ADP,APPR,als,als
1182,Mitbringsel,NOUN,NN,Mitbringsel,Mitbringsel
1183,taugt,VERB,VVFIN,taugen,taugt
1184,",",PUNCT,"$,",",",","
1185,was,PRON,PRELS,wer,was
1186,man,PRON,PIS,man,man
1187,an,ADP,APPR,an,an
1188,typischen,ADJ,ADJA,typisch,typischen
1189,Genüssen,NOUN,NN,Genuss,Genüssen
1190,(,PUNCT,$(,(,(
1191,Essen,NOUN,NN,essen,Essen
1192,/,PUNCT,$(,/,/
1193,Trinken,NOUN,NN,trinken,Trinken
1194,/,PUNCT,$(,/,/
1195,Riechen,NOUN,NN,riechen,Riechen
1196,/,PUNCT,$(,/,/
1197,Hören,NOUN,NN,hören,Hören
1198,/,PUNCT,$(,/,/
1199,Sehen,NOUN,NN,sehen,Sehen
1200,/,PUNCT,$(,/,/
1201,Fühlen,NOUN,NN,fühlen,Fühlen
1202,),PUNCT,$(,),)
1203,für,ADP,APPR,für,für
1204,den,DET,ART,der,den
1205,Fotoabend,NOUN,NN,Fotoabend,Fotoabend
1206,will,VERB,VMFIN,wollen,will
1207,/,PUNCT,$(,/,/
1208,braucht,VERB,VVFIN,brauchen,braucht
1209,(,PUNCT,$(,(,(
1210,z.B.,ADV,ADV,z.B.,z.B.
1211,Tunesien,PROPN,NE,Tunesien,Tunesien
1212,20,NUM,CARD,20,20
1213,Stück,NOUN,NN,Stück,Stück
1214,1,NUM,CARD,1,1
1215,Dinar,NOUN,NN,Dinar,Dinar
1216,/,PUNCT,$(,/,/
1217,66,NUM,CARD,66,66
1218,Cent,NOUN,NN,Cent,Cent
1219,),PUNCT,$(,),)
1220,",",PUNCT,"$,",",",","
1221,Pflaster,NOUN,NN,Pflaster,Pflaster
1222,",",PUNCT,"$,",",",","
1223,Shampoo,NOUN,NN,Shampoo,Shampoo
1224,",",PUNCT,"$,",",",","
1225,...,PUNCT,$(,...,...
1226,bekannter,ADJ,ADJA,bekannt,bekannter
1227,Marken,NOUN,NN,Marke,Marken
1228,sind,AUX,VAFIN,sein,sind
1229,in,ADP,APPR,in,in
1230,Apotheken,NOUN,NN,Apotheke,Apotheken
1231,original,ADJ,ADJD,original,original
1232,und,CONJ,KON,und,und
1233,deutlich,ADJ,ADJD,deutlich,deutlich
1234,günstiger,ADJ,ADJD,günstig,günstiger
1235,.,PUNCT,$.,.,.
1236,auf,ADP,APPR,auf,auf
1237,Zollbestimmungen,NOUN,NN,Zollbestimmung,Zollbestimmungen
1238,achten,VERB,VVINF,achten,achten
1239,!,PUNCT,$.,!,!
1240,vergessen,VERB,VVINF,vergessen,vergessen
1241,",",PUNCT,"$,",",",","
1242,dass,SCONJ,KOUS,dass,dass
1243,in,ADP,APPR,in,in
1244,vielen,DET,PIAT,vieler,vielen
1245,Regionen,NOUN,NN,Region,Regionen
1246,beim,ADP,APPRART,bei,beim
1247,20fachen,ADJ,ADJA,20fach,20fachen
1248,Preis,NOUN,NN,Preis,Preis
1249,angefangen,VERB,VVPP,anfangen,angefangen
1250,wird,AUX,VAFIN,werden,wird
1251,zu,PART,PTKZU,zu,zu
1252,handeln,VERB,VVINF,handeln,handeln
1253,!,PUNCT,$.,!,!
1254,am,ADP,APPRART,an,am
1255,besten,ADJ,ADJD,gut,besten
1256,Einheimische,NOUN,NN,einheimische,Einheimische
1257,fragen,VERB,VVINF,fragen,fragen
1258,",",PUNCT,"$,",",",","
1259,was,PRON,PWS,was,was
1260,sie,PRON,PPER,sie,sie
1261,für,ADP,APPR,für,für
1262,die,DET,ART,der,die
1263,Sachen,NOUN,NN,Sache,Sachen
1264,zahlen,VERB,VVFIN,zahlen,zahlen
1265,",",PUNCT,"$,",",",","
1266,z.B.,ADV,ADV,z.B.,z.B.
1267,den,DET,ART,der,den
1268,Taxifahrer,NOUN,NN,Taxifahrer,Taxifahrer
1269,",",PUNCT,"$,",",",","
1270,Kellner,NOUN,NN,Kellner,Kellner
1271,",",PUNCT,"$,",",",","
1272,....,PUNCT,$.,....,....
1273,in,ADP,APPR,in,in
1274,armen,ADJ,ADJA,arm,armen
1275,Regionen,NOUN,NN,Region,Regionen
1276,ist,AUX,VAFIN,sein,ist
1277,das,DET,ART,der,das
1278,2,NUM,CARD,2,2
1279,-,PUNCT,$(,-,-
1280,4fache,NOUN,NN,4fach,4fache
1281,als,ADP,APPR,als,als
1282,Touripreis,NOUN,NN,Touripreis,Touripreis
1283,durchaus,ADV,ADV,durchaus,durchaus
1284,normal,ADJ,ADJD,normal,normal
1285,+,CONJ,KON,+,+
1286,o.k.,ADJ,ADJD,o.k.,o.k.
1287,",",PUNCT,"$,",",",","
1288,weil,SCONJ,KOUS,weil,weil
1289,für,ADP,APPR,für,für
1290,Anbieter,NOUN,NN,Anbieter,Anbieter
1291,höherer,ADJ,ADJA,hoch,höherer
1292,Aufwand,NOUN,NN,Aufwand,Aufwand
1293,(,PUNCT,$(,(,(
1294,z.B.,ADV,ADV,z.B.,z.B.
1295,erklären,VERB,VVINF,erklären,erklären
1296,",",PUNCT,"$,",",",","
1297,wohin,ADV,PWAV,wohin,wohin
1298,man,PRON,PIS,man,man
1299,fahren,VERB,VVINF,fahren,fahren
1300,will,VERB,VMFIN,wollen,will
1301,),PUNCT,$(,),)
1302,.,PUNCT,$.,.,.
1303,eigenen,ADJ,ADJA,eigen,eigenen
1304,Maximalpreis,NOUN,NN,Maximalpreis,Maximalpreis
1305,vor,ADP,APPR,vor,vor
1306,Verhandlungsbeginn,NOUN,NN,Verhandlungsbeginn,Verhandlungsbeginn
1307,überlegen,VERB,VVINF,überlegen,überlegen
1308,[,PUNCT,$(,[,[
1309,was,PRON,PWS,was,was
1310,wäre,AUX,VAFIN,sein,wäre
1311,es,PRON,PPER,es,es
1312,mir,PRON,PPER,mir,mir
1313,in,ADP,APPR,in,in
1314,Deutschland,PROPN,NE,Deutschland,Deutschland
1315,wert,ADJ,ADJD,wert,wert
1316,?,PUNCT,$.,?,?
1317,],PUNCT,$(,],]
1318,und,CONJ,KON,und,und
1319,–,PUNCT,$(,–,–
1320,auch,ADV,ADV,auch,auch
1321,bei,ADP,APPR,bei,bei
1322,"""",PUNCT,$(,"""",""""
1323,besonders,ADV,ADV,besonders,besonders
1324,hoher,ADJ,ADJA,hoch,hoher
1325,Qualität,NOUN,NN,Qualität,Qualität
1326,"""",PUNCT,$(,"""",""""
1327,–,PUNCT,$(,–,–
1328,nicht,PART,PTKNEG,nicht,nicht
1329,breitschlagen,VERB,VVINF,breitschlagen,breitschlagen
1330,lassen,VERB,VVINF,lassen,lassen
1331,",",PUNCT,"$,",",",","
1332,lieber,ADV,ADV,lieber,lieber
1333,gehen,VERB,VVINF,gehen,gehen
1334,-,PUNCT,$(,-,-
1335,meist,ADV,ADV,meist,meist
1336,wird,AUX,VAFIN,werden,wird
1337,man,PRON,PIS,man,man
1338,zurück,PART,PTKVZ,zurück,zurück
1339,gerufen,VERB,VVPP,rufen,gerufen
1340,...,PUNCT,$.,...,...
1341,wichtig,ADJ,ADJD,wichtig,wichtig
1342,:,PUNCT,$.,:,:
1343,Zoll,NOUN,NN,Zoll,Zoll
1344,muss,VERB,VMFIN,müssen,muss
1345,man,PRON,PIS,man,man
1346,auch,ADV,ADV,auch,auch
1347,bei,ADP,APPR,bei,bei
1348,im,ADP,APPRART,in,im
1349,Ausland,NOUN,NN,Ausland,Ausland
1350,geschneiderten,ADJ,ADJA,geschneidert,geschneiderten
1351,Anzügen,NOUN,NN,Anzug,Anzügen
1352,etc.,ADV,ADV,etc.,etc.
1353,zahlen,VERB,VVINF,zahlen,zahlen
1354,",",PUNCT,"$,",",",","
1355,daher,ADV,PAV,daher,daher
1356,die,DET,ART,der,die
1357,Rechnung,NOUN,NN,Rechnung,Rechnung
1358,griffbereit,ADJ,ADJD,griffbereit,griffbereit
1359,haben,AUX,VAINF,haben,haben
1360,",",PUNCT,"$,",",",","
1361,dass,SCONJ,KOUS,dass,dass
1362,der,DET,ART,der,der
1363,Gesamtpreis,NOUN,NN,Gesamtpreis,Gesamtpreis
1364,unter,ADP,APPR,unter,unter
1365,Reisefreimengen,NOUN,NN,Reisefreimenge,Reisefreimengen
1366,(,PUNCT,$(,(,(
1367,2009,NUM,CARD,2009,2009
1368,:,PUNCT,$.,:,:
1369,300,NUM,CARD,300,300
1370,€,NOUN,NN,€,€
1371,Land,NOUN,NN,Land,Land
1372,",",PUNCT,"$,",",",","
1373,430,NUM,CARD,430,430
1374,€,NOUN,NN,€,€
1375,See,NOUN,NN,See,See
1376,/,PUNCT,$(,/,/
1377,Luftreisende,NOUN,NN,luftreisend,Luftreisende
1378,),PUNCT,$(,),)
1379,lag,VERB,VVFIN,liegen,lag
1380,!,PUNCT,$.,!,!
1381,Reisefreimengen,NOUN,NN,Reisefreimenge,Reisefreimengen
1382,mehrerer,DET,PIAT,mehrere,mehrerer
1383,Personen,NOUN,NN,Person,Personen
1384,sind,AUX,VAFIN,sein,sind
1385,nicht,PART,PTKNEG,nicht,nicht
1386,addierbar,ADJ,ADJD,addierbar,addierbar
1387,.,PUNCT,$.,.,.
1388,Gesamtpreis,NOUN,NN,Gesamtpreis,Gesamtpreis
1389,",",PUNCT,"$,",",",","
1390,nicht,PART,PTKNEG,nicht,nicht
1391,nur,ADV,ADV,nur,nur
1392,Reisefreimengen,NOUN,NN,Reisefreimenge,Reisefreimengen
1393,übersteigender,ADJ,ADJA,übersteigend,übersteigender
1394,Teil,NOUN,NN,Teil,Teil
1395,",",PUNCT,"$,",",",","
1396,ist,AUX,VAFIN,sein,ist
1397,zu,PART,PTKZU,zu,zu
1398,verzollen,VERB,VVINF,verzollen,verzollen
1399,.,PUNCT,$.,.,.
1400,Rückkehr,NOUN,NN,Rückkehr,Rückkehr
1401,für,ADP,APPR,für,für
1402,erste,ADJ,ADJA,erster,erste
1403,12,NUM,CARD,12,12
1404,h,NOUN,NN,h,h
1405,einkaufen,VERB,VVINF,einkaufen,einkaufen
1406,(,PUNCT,$(,(,(
1407,Hbf.,NOUN,NN,Hbf.,Hbf.
1408,",",PUNCT,"$,",",",","
1409,Tanke,NOUN,NN,Tanke,Tanke
1410,),PUNCT,$(,),)
1411,Mailbox,NOUN,NN,Mailbox,Mailbox
1412,&,CONJ,KON,&,&
1413,AB-Ansage,NOUN,NN,AB-Ansage,AB-Ansage
1414,auf,ADP,APPR,auf,auf
1415,"""",PUNCT,$(,"""",""""
1416,normal,ADJ,ADJD,normal,normal
1417,"""",PUNCT,$(,"""",""""
1418,ändern,VERB,VVINF,ändern,ändern
1419,von,ADP,APPR,von,von
1420,Vorbereitung,NOUN,NN,Vorbereitung,Vorbereitung
1421,(,PUNCT,$(,(,(
1422,oben,ADV,ADV,oben,oben
1423,),PUNCT,$(,),)
1424,umgekehrt,ADJ,ADJD,umgekehrt,umgekehrt
1425,machen,VERB,VVINF,machen,machen
1426,",",PUNCT,"$,",",",","
1427,E-Mails,NOUN,NN,E-Mail,E-Mails
1428,",",PUNCT,"$,",",",","
1429,Mailbox,NOUN,NN,Mailbox,Mailbox
1430,&,CONJ,KON,&,&
1431,AB,NOUN,NN,AB,AB
1432,",",PUNCT,"$,",",",","
1433,Auto,NOUN,NN,Auto,Auto
1434,checken,VERB,VVINF,checken,checken
1435,Leuten,NOUN,NN,Leute,Leuten
1436,zurück,PART,PTKVZ,zurück,zurück
1437,melden,VERB,VVINF,melden,melden
1438,",",PUNCT,"$,",",",","
1439,Mitbringsel,NOUN,NN,Mitbringsel,Mitbringsel
1440,übergeben,VERB,VVINF,übergeben,übergeben
1441,ausräumen,VERB,VVINF,ausräumen,ausräumen
1442,",",PUNCT,"$,",",",","
1443,lüften,VERB,VVINF,lüften,lüften
1444,",",PUNCT,"$,",",",","
1445,waschen,VERB,VVINF,waschen,waschen
1446,.,PUNCT,$.,.,.
1447,Geldgürtel,NOUN,NN,Geldgürtel,Geldgürtel
1448,und,CONJ,KON,und,und
1449,-verstecke,X,TRUNC,Versteck,-verstecke
1450,leeren,VERB,VVINF,leeren,leeren
1451,.,PUNCT,$.,.,.
1452,Messer,NOUN,NN,Messer,Messer
1453,etc.,ADV,ADV,etc.,etc.
1454,zurück,ADV,ADV,zurück,zurück
1455,in,ADP,APPR,in,in
1456,Flug-Klamotten,NOUN,NN,Flug-Klamotte,Flug-Klamotten
1457,.,PUNCT,$.,.,.
1458,Matten,NOUN,NN,Matte,Matten
1459,unkomprimiert,ADJ,ADJD,unkomprimiert,unkomprimiert
1460,+,CONJ,KON,+,+
1461,mit,ADP,APPR,mit,mit
1462,offenem,ADJ,ADJA,offen,offenem
1463,Ventil,NOUN,NN,Ventil,Ventil
1464,an,ADP,APPR,an,an
1465,trockenem,ADJ,ADJA,trocken,trockenem
1466,Ort,NOUN,NN,Ort,Ort
1467,(,PUNCT,$(,(,(
1468,z.B.,ADV,ADV,z.B.,z.B.
1469,Schrank,NOUN,NN,Schrank,Schrank
1470,",",PUNCT,"$,",",",","
1471,Bettkasten,NOUN,NN,Bettkasten,Bettkasten
1472,),PUNCT,$(,),)
1473,lagern,VERB,VVINF,lagern,lagern
1474,.,PUNCT,$.,.,.
1475,Schlafsack,NOUN,NN,Schlafsack,Schlafsack
1476,unkomprimiert,ADJ,ADJD,unkomprimiert,unkomprimiert
1477,lagern,VERB,VVINF,lagern,lagern
1478,(,PUNCT,$(,(,(
1479,z.B.,ADV,ADV,z.B.,z.B.
1480,in,ADP,APPR,in,in
1481,alten,ADJ,ADJA,alt,alten
1482,Kopfkissenbezug,NOUN,NN,Kopfkissenbezug,Kopfkissenbezug
1483,),PUNCT,$(,),)
1484,Kalender,NOUN,NN,Kalender,Kalender
1485,Termine,NOUN,NN,Termin,Termine
1486,für,ADP,APPR,für,für
1487,To-dos,NOUN,NN,To-do,To-dos
1488,und,CONJ,KON,und,und
1489,neue,ADJ,ADJA,neu,neue
1490,(,PUNCT,$(,(,(
1491,E-Mail,NOUN,NN,E-Mail,E-Mail
1492,),PUNCT,$(,),)
1493,Adressen,NOUN,NN,Adresse,Adressen
1494,+,CONJ,KON,+,+
1495,Telefonnummern,NOUN,NN,Telefonnummer,Telefonnummern
1496,eintragen,VERB,VVINF,eintragen,eintragen
1497,verbessern,VERB,VVINF,verbessern,verbessern
1498,",",PUNCT,"$,",",",","
1499,Wikitravel,PROPN,NE,Wikitravel,Wikitravel
1500,EN,NOUN,NN,EN,EN
1501,/,PUNCT,$(,/,/
1502,DE,NOUN,NN,DE,DE
1503,&,CONJ,KON,&,&
1504,"""",PUNCT,$(,"""",""""
1505,Where,X,FM,Where,Where
1506,I've,X,FM,I've,I've
1507,been,X,FM,been,been
1508,"""",PUNCT,$(,"""",""""
1509,-Liste,X,TRUNC,Liste,-Liste
1510,aktualisieren,VERB,VVINF,aktualisieren,aktualisieren
1511,sortieren,VERB,VVINF,sortieren,sortieren
1512,",",PUNCT,"$,",",",","
1513,mithilfe,ADP,APPR,mithilfe,mithilfe
1514,Reiseführer,NOUN,NN,Reiseführer,Reiseführer
1515,sinnig,ADJ,ADJD,sinnig,sinnig
1516,benennen,VERB,VVINF,benennen,benennen
1517,",",PUNCT,"$,",",",","
1518,entwickeln,VERB,VVINF,entwickeln,entwickeln
1519,",",PUNCT,"$,",",",","
1520,verschicken,VERB,VVINF,verschicken,verschicken
1521,",",PUNCT,"$,",",",","
1522,zeigen,VERB,VVINF,zeigen,zeigen
1523,Schlagwort-Archive,NOUN,NN,Schlagwort-Archiv,Schlagwort-Archive
1524,:,PUNCT,$.,:,:
1525,Android,PROPN,NE,Android,Android
1526,–,PUNCT,$(,–,–
1527,tolle,ADJ,ADJA,toll,tolle
1528,Podcast-App,NOUN,NN,Podcast-App,Podcast-App
1529,für,ADP,APPR,für,für
1530,Android,PROPN,NE,Android,Android
1531,OS,NOUN,NN,OS,OS
1532,Claus,PROPN,NE,Claus,Claus
1533,Hesseling,PROPN,NE,Hesseling,Hesseling
1534,·,PUNCT,$.,·,·
1535,14.,ADJ,ADJA,14.,14.
1536,Mai,NOUN,NN,Mai,Mai
1537,2012,NUM,CARD,2012,2012
1538,·,PUNCT,$.,·,·
1539,4,NUM,CARD,4,4
1540,comments,X,FM,comments,comments
1541,Apple-Welt,NOUN,NN,Apple-Welt,Apple-Welt
1542,hat,AUX,VAFIN,haben,hat
1543,manchmal,ADV,ADV,manchmal,manchmal
1544,einige,DET,PIAT,einiger,einige
1545,Vorteile,NOUN,NN,Vorteil,Vorteile
1546,–,PUNCT,$(,–,–
1547,vor,ADP,APPR,vor,vor
1548,allem,PRON,PIS,alle,allem
1549,wenn,SCONJ,KOUS,wenn,wenn
1550,es,PRON,PPER,es,es
1551,ums,ADP,APPRART,um,ums
1552,Thema,NOUN,NN,Thema,Thema
1553,Podcasts,NOUN,NN,Podcast,Podcasts
1554,geht,VERB,VVFIN,gehen,geht
1555,.,PUNCT,$.,.,.
1556,iTunes,PROPN,NE,iTunes,iTunes
1557,plus,CONJ,KON,plus,plus
1558,iPhone,PROPN,NE,iPhone,iPhone
1559,oder,CONJ,KON,oder,oder
1560,iPad,PROPN,NE,iPad,iPad
1561,funktioniert,VERB,VVFIN,funktionieren,funktioniert
1562,in,ADP,APPR,in,in
1563,der,DET,ART,der,der
1564,Regel,NOUN,NN,Regel,Regel
1565,reibungslos,ADJ,ADJD,reibungslos,reibungslos
1566,.,PUNCT,$.,.,.
1567,anders,ADV,ADV,anders,anders
1568,sieht,VERB,VVFIN,sehen,sieht
1569,es,PRON,PPER,es,es
1570,bei,ADP,APPR,bei,bei
1571,Android,PROPN,NE,Android,Android
1572,OS,NOUN,NN,OS,OS
1573,aus,PART,PTKVZ,aus,aus
1574,.,PUNCT,$.,.,.
1575,Herausforderung,NOUN,NN,Herausforderung,Herausforderung
1576,:,PUNCT,$.,:,:
1577,Podcasts,NOUN,NN,Podcast,Podcasts
1578,nicht,PART,PTKNEG,nicht,nicht
1579,mit,ADP,APPR,mit,mit
1580,dem,DET,ART,der,dem
1581,PC,NOUN,NN,PC,PC
1582,sondern,CONJ,KON,sondern,sondern
1583,direkt,ADJ,ADJD,direkt,direkt
1584,mit,ADP,APPR,mit,mit
1585,dem,DET,ART,der,dem
1586,Android-Handy,NOUN,NN,Android-Handy,Android-Handy
1587,über,ADP,APPR,über,über
1588,WLAN,NOUN,NN,WLAN,WLAN
1589,abonnieren,VERB,VVINF,abonnieren,abonnieren
1590,und,CONJ,KON,und,und
1591,herunterladen,VERB,VVINF,herunterladen,herunterladen
1592,.,PUNCT,$.,.,.
1593,Lösung,NOUN,NN,Lösung,Lösung
1594,:,PUNCT,$.,:,:
1595,eine,DET,ART,ein,eine
1596,Podcast-App,NOUN,NN,Podcast-App,Podcast-App
1597,.,PUNCT,$.,.,.
1598,aber,CONJ,KON,aber,aber
1599,welche,PRON,PWS,welche,welche
1600,?,PUNCT,$.,?,?
1601,Anforderungen,NOUN,NN,Anforderung,Anforderungen
1602,:,PUNCT,$.,:,:
1603,die,DET,ART,der,die
1604,App,NOUN,NN,App,App
1605,sollte,VERB,VMFIN,sollen,sollte
1606,eine,DET,ART,ein,eine
1607,Liste,NOUN,NN,Liste,Liste
1608,mit,ADP,APPR,mit,mit
1609,Podcast-Feeds,NOUN,NN,Podcast-Feed,Podcast-Feeds
1610,verwalten,VERB,VVINF,verwalten,verwalten
1611,",",PUNCT,"$,",",",","
1612,diese,PRON,PDS,dieser,diese
1613,regelmäßig,ADJ,ADJD,regelmäßig,regelmäßig
1614,aktualisieren,VERB,VVINF,aktualisieren,aktualisieren
1615,und,CONJ,KON,und,und
1616,neue,ADJ,ADJA,neu,neue
1617,Folgen,NOUN,NN,Folge,Folgen
1618,herunterladen,VERB,VVINF,herunterladen,herunterladen
1619,.,PUNCT,$.,.,.
1620,und,CONJ,KON,und,und
1621,ja,PART,PTKANT,ja,ja
1622,",",PUNCT,"$,",",",","
1623,es,PRON,PPER,es,es
1624,wäre,AUX,VAFIN,sein,wäre
1625,schön,ADJ,ADJD,schön,schön
1626,",",PUNCT,"$,",",",","
1627,wenn,SCONJ,KOUS,wenn,wenn
1628,die,DET,ART,der,die
1629,App,NOUN,NN,App,App
1630,kostenlos,ADJ,ADJD,kostenlos,kostenlos
1631,ist,AUX,VAFIN,sein,ist
1632,.,PUNCT,$.,.,.
1633,Suche,NOUN,NN,Suche,Suche
1634,:,PUNCT,$.,:,:
1635,lange,ADJ,ADJA,lang,lange
1636,Zeit,NOUN,NN,Zeit,Zeit
1637,habe,AUX,VAFIN,haben,habe
1638,ich,PRON,PPER,ich,ich
1639,den,DET,ART,der,den
1640,Android,PROPN,NE,Android,Android
1641,Market,PROPN,NE,Market,Market
1642,/,PUNCT,$(,/,/
1643,Google,PROPN,NE,Google,Google
1644,Play,PROPN,NE,Play,Play
1645,Store,PROPN,NE,Store,Store
1646,durchforstet,VERB,VVPP,durchforsten,durchforstet
1647,und,CONJ,KON,und,und
1648,immer,ADV,ADV,immer,immer
1649,wieder,ADV,ADV,wieder,wieder
1650,verschiedene,ADJ,ADJA,verschieden,verschiedene
1651,Podcast-Apps,NOUN,NN,Podcast-App,Podcast-Apps
1652,ausprobiert,VERB,VVPP,ausprobieren,ausprobiert
1653,.,PUNCT,$.,.,.
1654,unter,ADP,APPR,unter,unter
1655,anderem,PRON,PIS,anderer,anderem
1656,Acast,PROPN,NE,Acast,Acast
1657,",",PUNCT,"$,",",",","
1658,Google,PROPN,NE,Google,Google
1659,Listen,PROPN,NE,Listen,Listen
1660,oder,CONJ,KON,oder,oder
1661,auch,ADV,ADV,auch,auch
1662,die,DET,ART,der,die
1663,Podcast-Funktion,NOUN,NN,Podcast-Funktion,Podcast-Funktion
1664,von,ADP,APPR,von,von
1665,GoodNews,PROPN,NE,GoodNews,GoodNews
1666,.,PUNCT,$.,.,.
1667,Favorit,NOUN,NN,Favorit,Favorit
1668,war,AUX,VAFIN,sein,war
1669,lange,ADJ,ADJA,lang,lange
1670,Zeit,NOUN,NN,Zeit,Zeit
1671,das,DET,ART,der,das
1672,kostenlose,ADJ,ADJA,kostenlos,kostenlose
1673,Hapi,PROPN,NE,Hapi,Hapi
1674,Podcast,NOUN,NN,Podcast,Podcast
1675,",",PUNCT,"$,",",",","
1676,allerdings,ADV,ADV,allerdings,allerdings
1677,wurden,AUX,VAFIN,werden,wurden
1678,nach,ADP,APPR,nach,nach
1679,einem,DET,ART,ein,einem
1680,OS,NOUN,NN,OS,OS
1681,Update,NOUN,NN,Update,Update
1682,die,DET,ART,der,die
1683,Feeds,NOUN,NN,Feed,Feeds
1684,nicht,PART,PTKNEG,nicht,nicht
1685,mehr,UNK,PTKMWL,mehr,mehr
1686,aktualisiert,VERB,VVPP,aktualisieren,aktualisiert
1687,und,CONJ,KON,und,und
1688,auch,ADV,ADV,auch,auch
1689,das,DET,ART,der,das
1690,Hinzufügen,NOUN,NN,hinzufügen,Hinzufügen
1691,von,ADP,APPR,von,von
1692,Feeds,NOUN,NN,Feed,Feeds
1693,war,AUX,VAFIN,sein,war
1694,eine,DET,ART,ein,eine
1695,Qual,NOUN,NN,Qual,Qual
1696,.,PUNCT,$.,.,.
1697,alle,DET,PIAT,aller,alle
1698,Apps,NOUN,NN,App,Apps
1699,funktionieren,VERB,VVFIN,funktionieren,funktionieren
1700,irgendwie,ADV,ADV,irgendwie,irgendwie
1701,ganz,UNK,PTKIFG,ganz,ganz
1702,passabel,ADJ,ADJD,passabel,passabel
1703,",",PUNCT,"$,",",",","
1704,aber,CONJ,KON,aber,aber
1705,so,ADV,ADV,so,so
1706,richtig,ADJ,ADJD,richtig,richtig
1707,konnte,VERB,VMFIN,können,konnte
1708,mich,PRON,PPER,mich,mich
1709,keine,PRON,PIS,keiner,keine
1710,überzeugen,VERB,VVINF,überzeugen,überzeugen
1711,.,PUNCT,$.,.,.
1712,Fund,NOUN,NN,Fund,Fund
1713,:,PUNCT,$.,:,:
1714,…,PUNCT,$(,…,…
1715,bis,SCONJ,KOUS,bis,bis
1716,ich,PRON,PPER,ich,ich
1717,in,ADP,APPR,in,in
1718,der,DET,ART,der,der
1719,vergangenen,ADJ,ADJA,vergangen,vergangenen
1720,Woche,NOUN,NN,Woche,Woche
1721,auf,ADP,APPR,auf,auf
1722,Podkicker,PROPN,NE,Podkicker,Podkicker
1723,gestoßen,VERB,VVPP,stoßen,gestoßen
1724,bin,AUX,VAFIN,sein,bin
1725,.,PUNCT,$.,.,.
1726,eine,DET,ART,ein,eine
1727,schlanke,ADJ,ADJA,schlank,schlanke
1728,App,NOUN,NN,App,App
1729,",",PUNCT,"$,",",",","
1730,die,PRON,PRELS,der,die
1731,aber,ADV,ADV,aber,aber
1732,wunderbar,ADJ,ADJD,wunderbar,wunderbar
1733,funktioniert,VERB,VVFIN,funktionieren,funktioniert
1734,.,PUNCT,$.,.,.
1735,die,DET,ART,der,die
1736,Feed-Verwaltung,NOUN,NN,Feed-Verwaltung,Feed-Verwaltung
1737,ist,AUX,VAFIN,sein,ist
1738,übersichtlich,ADJ,ADJD,übersichtlich,übersichtlich
1739,(,PUNCT,$(,(,(
1740,inkl.,ADP,APPR,inkl.,inkl.
1741,OPML-Import,NOUN,NN,OPML-Import,OPML-Import
1742,),PUNCT,$(,),)
1743,",",PUNCT,"$,",",",","
1744,die,DET,ART,der,die
1745,Bedienung,NOUN,NN,Bedienung,Bedienung
1746,intuitiv,ADJ,ADJD,intuitiv,intuitiv
1747,.,PUNCT,$.,.,.
1748,das,DET,ART,der,das
1749,Zusammenstellen,NOUN,NN,zusammenstellen,Zusammenstellen
1750,von,ADP,APPR,von,von
1751,Playlists,NOUN,NN,Playlist,Playlists
1752,geht,VERB,VVFIN,gehen,geht
1753,sehr,UNK,PTKIFG,sehr,sehr
1754,einfach,ADJ,ADJD,einfach,einfach
1755,und,CONJ,KON,und,und
1756,ebenso,ADV,ADV,ebenso,ebenso
1757,schnell,ADJ,ADJD,schnell,schnell
1758,lassen,VERB,VVFIN,lassen,lassen
1759,sich,PRON,PRF,sich,sich
1760,gehörte,ADJ,ADJA,gehört,gehörte
1761,Episoden,NOUN,NN,Episode,Episoden
1762,wieder,ADV,ADV,wieder,wieder
1763,löschen,VERB,VVINF,löschen,löschen
1764,.,PUNCT,$.,.,.
1765,hinzu,PART,PTKVZ,hinzu,hinzu
1766,kommt,VERB,VVFIN,kommen,kommt
1767,:,PUNCT,$.,:,:
1768,auch,ADV,ADV,auch,auch
1769,diese,DET,PDAT,dieser,diese
1770,App,NOUN,NN,App,App
1771,ist,AUX,VAFIN,sein,ist
1772,kostenlos,ADJ,ADJD,kostenlos,kostenlos
1773,–,PUNCT,$(,–,–
1774,es,PRON,PPER,es,es
1775,gibt,VERB,VVFIN,geben,gibt
1776,auch,ADV,ADV,auch,auch
1777,eine,DET,ART,ein,eine
1778,Pro-Version,NOUN,NN,Pro-Version,Pro-Version
1779,",",PUNCT,"$,",",",","
1780,allerdings,ADV,ADV,allerdings,allerdings
1781,reichen,VERB,VVFIN,reichen,reichen
1782,für,ADP,APPR,für,für
1783,mich,PRON,PPER,mich,mich
1784,die,DET,ART,der,die
1785,Features,NOUN,NN,Feature,Features
1786,der,DET,ART,der,der
1787,kostenlosen,ADJ,ADJA,kostenlos,kostenlosen
1788,Variante,NOUN,NN,Variante,Variante
1789,vollkommen,ADJ,ADJD,vollkommen,vollkommen
1790,aus,PART,PTKVZ,aus,aus
1791,.,PUNCT,$.,.,.
1792,Tagesschau-App,NOUN,NN,Tagesschau-App,Tagesschau-App
1793,und,CONJ,KON,und,und
1794,das,DET,ART,der,das
1795,Märchen,NOUN,NN,Märchen,Märchen
1796,von,ADP,APPR,von,von
1797,der,DET,ART,der,der
1798,Wettbewerbsverzerrung,NOUN,NN,Wettbewerbsverzerrung,Wettbewerbsverzerrung
1799,Claus,PROPN,NE,Claus,Claus
1800,Hesseling,PROPN,NE,Hesseling,Hesseling
1801,·,PUNCT,$.,·,·
1802,21.,ADJ,ADJA,21.,21.
1803,Juni,NOUN,NN,Juni,Juni
1804,2011,NUM,CARD,2011,2011
1805,·,PUNCT,$.,·,·
1806,20,NUM,CARD,20,20
1807,comments,X,FM,comments,comments
1808,vor,ADP,APPR,vor,vor
1809,der,DET,ART,der,der
1810,App,NOUN,NN,App,App
1811,:,PUNCT,$.,:,:
1812,Blick,NOUN,NN,Blick,Blick
1813,in,ADP,APPR,in,in
1814,die,DET,ART,der,die
1815,Redaktion,NOUN,NN,Redaktion,Redaktion
1816,von,ADP,APPR,von,von
1817,tagesschau.de-Redaktion,NOUN,NN,tagesschau.de-Redaktion,tagesschau.de-Redaktion
1818,",",PUNCT,"$,",",",","
1819,2004,NUM,CARD,2004,2004
1820,Klage,NOUN,NN,Klage,Klage
1821,der,DET,ART,der,der
1822,Zeitungsverlage,NOUN,NN,Zeitungsverlag,Zeitungsverlage
1823,gegen,ADP,APPR,gegen,gegen
1824,die,DET,ART,der,die
1825,tagesschau.de-App,NOUN,NN,tagesschau.de-App,tagesschau.de-App
1826,ist,AUX,VAFIN,sein,ist
1827,ein,DET,ART,ein,ein
1828,schlechter,ADJ,ADJA,schlecht,schlechter
1829,Witz,NOUN,NN,Witz,Witz
1830,–,PUNCT,$(,–,–
1831,um,SCONJ,KOUI,um,um
1832,es,PRON,PPER,es,es
1833,mal,UNK,PTKMA,mal,mal
1834,gleich,ADV,ADV,gleich,gleich
1835,vorweg,PART,PTKVZ,vorweg,vorweg
1836,zu,PART,PTKZU,zu,zu
1837,sagen,VERB,VVINF,sagen,sagen
1838,.,PUNCT,$.,.,.
1839,die,DET,ART,der,die
1840,europäische,ADJ,ADJA,europäisch,europäische
1841,Hochkultur,NOUN,NN,Hochkultur,Hochkultur
1842,entstand,VERB,VVFIN,entstehen,entstand
1843,in,ADP,APPR,in,in
1844,6,NUM,CARD,6,6
1845,Stufen,NOUN,NN,Stufe,Stufen
1846,:,PUNCT,$.,:,:
1847,6,NUM,CARD,6,6
1848,grundlegenden,ADJ,ADJA,grundlegend,grundlegenden
1849,europäischen,ADJ,ADJA,europäisch,europäischen
1850,Werten,NOUN,NN,Wert,Werten
1851,6,NUM,CARD,6,6
1852,europäischen,ADJ,ADJA,europäisch,europäischen
1853,Werte,NOUN,NN,Wert,Werte
1854,zusammen,ADV,ADV,zusammen,zusammen
1855,ergeben,VERB,VVFIN,ergeben,ergeben
1856,ein,DET,ART,ein,ein
1857,voll,ADJ,ADJD,voll,voll
1858,entwickeltes,ADJ,ADJA,entwickelt,entwickeltes
1859,„,PUNCT,$(,„,„
1860,humanistisches,ADJ,ADJA,humanistisch,humanistisches
1861,Weltbild,NOUN,NN,Weltbild,Weltbild
1862,“,PUNCT,$(,“,“
1863,humanistische,ADJ,ADJA,humanistisch,humanistische
1864,Weltbild,NOUN,NN,Weltbild,Weltbild
1865,ist,AUX,VAFIN,sein,ist
1866,in,ADP,APPR,in,in
1867,der,DET,ART,der,der
1868,Antike,NOUN,NN,Antike,Antike
1869,bei,ADP,APPR,bei,bei
1870,den,DET,ART,der,den
1871,Griechen,NOUN,NN,Grieche,Griechen
1872,entstanden,VERB,VVPP,entstehen,entstanden
1873,und,CONJ,KON,und,und
1874,wurde,AUX,VAFIN,werden,wurde
1875,durch,ADP,APPR,durch,durch
1876,die,DET,ART,der,die
1877,Renaissance,NOUN,NN,Renaissance,Renaissance
1878,",",PUNCT,"$,",",",","
1879,der,DET,ART,der,der
1880,Wiedergeburt,NOUN,NN,Wiedergeburt,Wiedergeburt
1881,der,DET,ART,der,der
1882,Antike,NOUN,NN,Antike,Antike
1883,",",PUNCT,"$,",",",","
1884,und,CONJ,KON,und,und
1885,der,DET,ART,der,der
1886,damit,ADV,PAV,damit,damit
1887,verbundenen,ADJ,ADJA,verbunden,verbundenen
1888,Wiedergeburt,NOUN,NN,Wiedergeburt,Wiedergeburt
1889,des,DET,ART,der,des
1890,humanistischen,ADJ,ADJA,humanistisch,humanistischen
1891,Denkens,NOUN,NN,denken,Denkens
1892,neu,ADJ,ADJD,neu,neu
1893,entfacht,VERB,VVPP,entfachen,entfacht
1894,.,PUNCT,$.,.,.
1895,voll,ADJ,ADJD,voll,voll
1896,entwickeltes,ADJ,ADJA,entwickelt,entwickeltes
1897,humanistisches,ADJ,ADJA,humanistisch,humanistisches
1898,Weltbild,NOUN,NN,Weltbild,Weltbild
1899,entsteht,VERB,VVFIN,entstehen,entsteht
1900,auf,ADP,APPR,auf,auf
1901,dem,DET,ART,der,dem
1902,Fundament,NOUN,NN,Fundament,Fundament
1903,der,DET,ART,der,der
1904,oben,ADV,ADV,oben,oben
1905,dargestellten,ADJ,ADJA,dargestellt,dargestellten
1906,sechs,NUM,CARD,sechs,sechs
1907,Stufen,NOUN,NN,Stufe,Stufen
1908,.,PUNCT,$.,.,.
1909,diese,DET,PDAT,dieser,diese
1910,sechs,NUM,CARD,sechs,sechs
1911,Stufen,NOUN,NN,Stufe,Stufen
1912,sind,AUX,VAFIN,sein,sind
1913,gleichzeitig,ADJ,ADJD,gleichzeitig,gleichzeitig
1914,die,DET,ART,der,die
1915,sechs,NUM,CARD,sechs,sechs
1916,grundlegenden,ADJ,ADJA,grundlegend,grundlegenden
1917,europäischen,ADJ,ADJA,europäisch,europäischen
1918,Werte,NOUN,NN,Wert,Werte
1919,",",PUNCT,"$,",",",","
1920,die,PRON,PRELS,der,die
1921,die,DET,ART,der,die
1922,Basis,NOUN,NN,Basis,Basis
1923,für,ADP,APPR,für,für
1924,unsere,DET,PPOSAT,unser,unsere
1925,heutige,ADJ,ADJA,heutig,heutige
1926,europäische,ADJ,ADJA,europäisch,europäische
1927,Hochkultur,NOUN,NN,Hochkultur,Hochkultur
1928,sind,AUX,VAFIN,sein,sind
1929,.,PUNCT,$.,.,.
1930,aus,ADP,APPR,aus,aus
1931,ihnen,PRON,PPER,ihnen,ihnen
1932,lassen,VERB,VVFIN,lassen,lassen
1933,sich,PRON,PRF,sich,sich
1934,alle,DET,PIAT,aller,alle
1935,anderen,ADJ,ADJA,anderer,anderen
1936,europäischen,ADJ,ADJA,europäisch,europäischen
1937,Werte,NOUN,NN,Wert,Werte
1938,ableiten,VERB,VVINF,ableiten,ableiten
1939,.,PUNCT,$.,.,.
1940,humanistische,ADJ,ADJA,humanistisch,humanistische
1941,Weltbild,NOUN,NN,Weltbild,Weltbild
1942,startet,VERB,VVFIN,starten,startet
1943,mit,ADP,APPR,mit,mit
1944,dem,DET,ART,der,dem
1945,Denken,NOUN,NN,denken,Denken
1946,dem,DET,ART,der,dem
1947,Menschen,NOUN,NN,Mensch,Menschen
1948,einen,DET,ART,ein,einen
1949,Wert,NOUN,NN,Wert,Wert
1950,zu,PART,PTKZU,zu,zu
1951,geben,VERB,VVINF,geben,geben
1952,(,PUNCT,$(,(,(
1953,humanistisches,ADJ,ADJA,humanistisch,humanistisches
1954,Denken,NOUN,NN,denken,Denken
1955,),PUNCT,$(,),)
1956,und,CONJ,KON,und,und
1957,schließt,VERB,VVFIN,schließen,schließt
1958,mit,ADP,APPR,mit,mit
1959,dem,DET,ART,der,dem
1960,Denken,NOUN,NN,denken,Denken
1961,allen,DET,PIAT,aller,allen
1962,Menschen,NOUN,NN,Mensch,Menschen
1963,einen,DET,ART,ein,einen
1964,Wert,NOUN,NN,Wert,Wert
1965,zu,PART,PTKZU,zu,zu
1966,geben,VERB,VVINF,geben,geben
1967,(,PUNCT,$(,(,(
1968,Menschenrechte,NOUN,NN,Menschenrecht,Menschenrechte
1969,),PUNCT,$(,),)
1970,.,PUNCT,$.,.,.
1971,ist,AUX,VAFIN,sein,ist
1972,eine,DET,ART,ein,eine
1973,Weltsicht,NOUN,NN,Weltsicht,Weltsicht
1974,von,ADP,APPR,von,von
1975,Menschen,NOUN,NN,Mensch,Menschen
1976,für,ADP,APPR,für,für
1977,Menschen,NOUN,NN,Mensch,Menschen
1978,.,PUNCT,$.,.,.
1979,lateinische,ADJ,ADJA,lateinisch,lateinische
1980,Wort,NOUN,NN,Wort,Wort
1981,„,PUNCT,$(,„,„
1982,humanus,X,FM,humanus,humanus
1983,“,PUNCT,$(,“,“
1984,bedeutet,VERB,VVFIN,bedeuten,bedeutet
1985,„,PUNCT,$(,„,„
1986,menschlich,ADJ,ADJD,menschlich,menschlich
1987,",",PUNCT,"$,",",",","
1988,menschenfreundlich,ADJ,ADJD,menschenfreundlich,menschenfreundlich
1989,",",PUNCT,"$,",",",","
1990,gebildet,ADJ,ADJD,gebildet,gebildet
1991,",",PUNCT,"$,",",",","
1992,kultiviert,ADJ,ADJD,kultiviert,kultiviert
1993,“,PUNCT,$(,“,“
1994,.,PUNCT,$.,.,.
1995,lateinische,ADJ,ADJA,lateinisch,lateinische
1996,Wort,NOUN,NN,Wort,Wort
1997,„,PUNCT,$(,„,„
1998,humanitas,X,FM,humanitas,humanitas
1999,“,PUNCT,$(,“,“
